Job ID,Job URL,Job Title,Company Name,Status,Timestamp,WP ID
9935c045a8f03727,https://jobsbotswana.info/jobs/2026-audit-accounting-trainee-intake/,2026 Audit & Accounting Trainee Intake,Jobs Botswana,posted,2026-07-08T20:34:48.923116,28.0
04731b287c1d52ef,https://jobsbotswana.info/jobs/a-director-and-regional-consultant-metraclark-botswana-pty-ltd/,A DIRECTOR AND REGIONAL CONSULTANT – METRACLARK Botswana (PTY) Ltd.,METRACLARK Botswana (PTY) Ltd.,posted,2026-07-08T20:35:05.813491,29.0
a7b249c4c1e12a0d,https://jobsbotswana.info/jobs/a-works-contract-for-supply-delivery-installation-and-commissioning-of-new-110-kva-standby-generator-in-bobirwa-district-council-bobirwa-district-council/,"A WORKS CONTRACT FOR SUPPLY, DELIVERY, INSTALLATION AND COMMISSIONING OF NEW 110 KVA STANDBY GENERATOR IN BOBIRWA DISTRICT COUNCIL – Bobirwa District Council",Bobirwa District Council,posted,2026-07-08T20:35:25.093372,31.0
187b63f52fb3e513,https://jobsbotswana.info/jobs/academic-lecturer-imperial-school-of-business-and-science-isbs/,ACADEMIC LECTURER – Imperial School of Business and Science (Isbs),IMPERIAL SCHOOL OF BUSINESS AND SCIENCE (ISBS),posted,2026-07-08T20:35:42.945315,32.0
683e52744073f2fa,https://jobsbotswana.info/jobs/academic-senior-economics-lecturer-imperial-school-of-business-and-science/,ACADEMIC – SENIOR ECONOMICS LECTURER – Imperial School of Business and Science,Imperial School of Business and Science,posted,2026-07-08T20:35:59.178661,33.0
5a8812fecff38671,https://jobsbotswana.info/jobs/academic-staff-in-various-disciplines-botswana-institute-of-banking-finance/,ACADEMIC STAFF IN VARIOUS DISCIPLINES – Botswana Institute of Banking & Finance,Botswana Institute of Banking & Finance,posted,2026-07-08T20:36:16.624537,35.0
afdf461f846fc968,https://jobsbotswana.info/jobs/accouna/,ACCOUNA,Jobs Botswana,posted,2026-07-08T20:36:32.356394,36.0
4a5212c862cfcdd6,https://jobsbotswana.info/jobs/accountant-vanmed-pty-ltd/,ACCOUNTANT – Vanmed Pty Ltd,VANMED PTY LTD,posted,2026-07-08T20:36:52.131581,38.0
4e3ad42bb44291cd,https://jobsbotswana.info/jobs/accountant-western-apparels-pty-ltd/,ACCOUNTANT – Western Apparels (Pty) Ltd,Western Apparels (Pty) Ltd,posted,2026-07-08T20:37:12.027612,40.0
705d815f94a1dcdd,https://jobsbotswana.info/jobs/accounts-assistant-accounts-technician/,ACCOUNTS ASSISTANT / ACCOUNTS TECHNICIAN,Jobs Botswana,posted,2026-07-08T20:37:28.649710,41.0
94eab77531b0f9cc,https://jobsbotswana.info/jobs/accounts-officer-botswana-teachers-savings-and-credit-cooperative-society-botswana-teachers-saccos/,ACCOUNTS OFFICER – Botswana Teachers Savings and Credit Cooperative Society (Botswana Teachers SACCOS),Botswana Teachers Savings and Credit Cooperative Society (Botswana Teachers SACCOS),posted,2026-07-08T20:37:45.343038,43.0
f517d0893bb75dbd,https://jobsbotswana.info/jobs/accounts-officer-botswana-teachers-savings-and-credit-cooperative-society-saccos/,ACCOUNTS OFFICER – Botswana Teachers Savings and Credit Cooperative Society (SACCOS),Botswana Teachers Savings and Credit Cooperative Society (SACCOS),posted,2026-07-08T20:38:02.208034,44.0
aebad26aeee5d32c,https://jobsbotswana.info/jobs/admin-housekeeper-4bnb-western-bypass-bed-breakfast/,ADMIN / HOUSEKEEPER – 4BNB Western Bypass Bed & Breakfast,4BNB Western Bypass Bed & Breakfast,posted,2026-07-08T20:38:21.307129,46.0
7668fe21411d6cc4,https://jobsbotswana.info/jobs/administrative-integration-specialist-huaye-botswana-mining-pty-ltd/,ADMINISTRATIVE INTEGRATION SPECIALIST – Huaye Botswana Mining (Pty) Ltd,HUAYE BOTSWANA MINING (PTY) LTD,posted,2026-07-08T20:38:40.243069,48.0
eec6f896e873101f,https://jobsbotswana.info/jobs/advanced-life-support-als-paramedic-emergency-assist-991-2/,ADVANCED LIFE SUPPORT (ALS) PARAMEDIC – Emergency Assist 991,EMERGENCY ASSIST 991,posted,2026-07-08T20:38:58.687722,50.0
7086e7a384cdbc08,https://jobsbotswana.info/jobs/agrochemical-specialist-agrivet/,AGROCHEMICAL SPECIALIST – Agrivet,Agrivet,posted,2026-07-08T20:39:13.487469,51.0
139b8a07df3e6558,https://jobsbotswana.info/jobs/anti-poaching-field-ranger-6-positions-uncharted-africa-safari-co-2/,ANTI-POACHING FIELD RANGER (6 POSITIONS) – Uncharted Africa Safari Co.,Uncharted Africa Safari Co.,posted,2026-07-08T20:39:32.460554,53.0
318556ca55c801f4,https://jobsbotswana.info/jobs/anti-poaching-field-ranger-6-positions-uncharted-africa-safari-co/,ANTI- POACHING FIELD RANGER (6 POSITIONS) – Uncharted Africa Safari Co.,Uncharted Africa Safari Co.,posted,2026-07-08T20:39:50.441091,55.0
98ab7facdf53ddba,https://jobsbotswana.info/jobs/area-manager-options/,AREA MANAGER – Options,Options,posted,2026-07-08T20:40:10.093667,57.0
02c0dc89095a4eca,https://jobsbotswana.info/jobs/assistant-accountant-sustainable-water-irrigation-and-farming-technologies-swift/,ASSISTANT ACCOUNTANT – Sustainable Water Irrigation and Farming Technologies (SWIFT),Sustainable Water Irrigation and Farming Technologies (SWIFT),posted,2026-07-08T20:40:28.722424,58.0
7d1e0d75e5f9f192,https://jobsbotswana.info/jobs/assistant-business-analyst-mmg-khoemacau/,ASSISTANT BUSINESS ANALYST – MMG Khoemacau,Jobs Botswana,posted,2026-07-08T20:40:47.952531,59.0
7916d6cbe9397246,https://jobsbotswana.info/jobs/assistant-manager-transactional-advisory-grant-thornton-botswana/,ASSISTANT MANAGER – TRANSACTIONAL ADVISORY – Grant Thornton Botswana,Grant Thornton Botswana,posted,2026-07-08T20:41:06.366296,61.0
d808d319d770e04b,https://jobsbotswana.info/jobs/bakery-dispatch-supervisor-bolux-group-pty-ltd/,BAKERY DISPATCH SUPERVISOR – Bolux Group (Pty) Ltd,Bolux Group (Pty) Ltd,posted,2026-07-08T20:41:26.987151,63.0
62be1fdbfec2c25e,https://jobsbotswana.info/jobs/bakery-sales-driver-bolux-group-pty-ltd/,BAKERY SALES DRIVER – Bolux Group (Pty) Ltd,Bolux Group (Pty) Ltd,posted,2026-07-08T20:41:46.273746,65.0
87795fbcc23f7a8f,https://jobsbotswana.info/jobs/beauty-professionals-hair-stylists-barbers-beauty-therapists-nail-technicians-gallio/,"BEAUTY PROFESSIONALS (HAIR STYLISTS, BARBERS, BEAUTY THERAPISTS, NAIL TECHNICIANS) – Gallio",GALLIO,posted,2026-07-08T20:42:04.127258,66.0
56d3d46672843a43,https://jobsbotswana.info/jobs/branch-head-bank-of-baroda-botswana-ltd-2/,BRANCH HEAD – Bank of Baroda (Botswana) Ltd,BANK OF BARODA (BOTSWANA) Ltd,posted,2026-07-08T20:42:21.125951,68.0
d6e606f58b1e8367,https://jobsbotswana.info/jobs/branch-head-bank-of-baroda/,BRANCH HEAD – Bank of Baroda,Bank of Baroda,posted,2026-07-08T20:42:54.121635,70.0
d2e95f32a69df66c,https://jobsbotswana.info/jobs/branch-manager-bayport-financial-services-botswana/,BRANCH MANAGER – Bayport Financial Services Botswana,Bayport Financial Services Botswana,posted,2026-07-08T20:43:14.604153,72.0
16ce285373995c8c,https://jobsbotswana.info/jobs/branch-manager-multotec-2/,BRANCH MANAGER – Multotec,Multotec,posted,2026-07-08T20:43:32.612971,73.0
aeb9ee0a1329ed91,https://jobsbotswana.info/jobs/branch-managers-team-leaders-bayport-financial-services-botswana/,BRANCH MANAGERS & TEAM LEADERS – Bayport Financial Services Botswana,BAYPORT FINANCIAL SERVICES BOTSWANA,posted,2026-07-08T20:43:51.771022,75.0
654bb36ce55c030e,https://jobsbotswana.info/jobs/broiler-farm-manager/,Broiler Farm Manager,Jobs Botswana,posted,2026-07-08T20:44:11.342950,76.0
0ed59e7feada14f2,https://jobsbotswana.info/jobs/business-development-marketing-officer-doves-funeral-parlour/,BUSINESS DEVELOPMENT & MARKETING OFFICER – Doves Funeral Parlour,DOVES FUNERAL PARLOUR,posted,2026-07-08T20:44:29.682710,78.0
f883b01b66c42255,https://jobsbotswana.info/jobs/business-development-officer-pilediwa-training-hr-consultancy/,BUSINESS DEVELOPMENT OFFICER – Pilediwa Training & HR Consultancy,PILEDIWA TRAINING & HR CONSULTANCY,posted,2026-07-08T20:44:48.288535,80.0
1adbab92001721da,https://jobsbotswana.info/jobs/business-development-projects-manager-phi-delta-professional-services-pty-ltd/,BUSINESS DEVELOPMENT & PROJECTS MANAGER – Phi Delta Professional Services Pty Ltd,PHI DELTA PROFESSIONAL SERVICES PTY LTD,posted,2026-07-08T20:45:06.570052,82.0
f5b42411741c2368,https://jobsbotswana.info/jobs/call-centre-agent-emergency-assist-991/,CALL CENTRE AGENT – Emergency Assist 991,EMERGENCY ASSIST 991,posted,2026-07-08T20:45:25.992525,84.0
602f58a5e14cd9d5,https://jobsbotswana.info/jobs/call-centre-team-leader-emergency-assist-991-2/,CALL CENTRE TEAM LEADER – Emergency Assist 991,EMERGENCY ASSIST 991,posted,2026-07-08T20:45:46.390576,86.0
39f1f7d6f061bece,https://jobsbotswana.info/jobs/camp-manager-ace-safaris/,CAMP MANAGER – Ace Safaris,Ace Safaris,posted,2026-07-08T20:46:05.538582,88.0
c43dfad722f7400a,https://jobsbotswana.info/jobs/chef-de-partie-greatplainsconservation/,CHEF DE PARTIE – greatplainsconservation,greatplainsconservation,posted,2026-07-08T20:46:23.208592,90.0
4f0c57fa8e928786,https://jobsbotswana.info/jobs/chef-the-brand-lifestyles/,CHEF – The Brand Lifestyles,The Brand Lifestyles,posted,2026-07-08T20:46:39.399954,91.0
12a8080040aa317b,https://jobsbotswana.info/jobs/chef-trainer-wilderness/,CHEF TRAINER – Wilderness,Wilderness,posted,2026-07-08T20:46:56.217678,92.0
3831c470ab91a815,https://jobsbotswana.info/jobs/chief-executive-officer-ceo-thuto-saccos-2/,CHIEF EXECUTIVE OFFICER (CEO) – Thuto Saccos,THUTO SACCOS,posted,2026-07-08T20:47:18.116235,94.0
aaffe91b01404a3e,https://jobsbotswana.info/jobs/chief-financial-officer-cfo-local-enterprise-authority-lea/,CHIEF FINANCIAL OFFICER (CFO) – Local Enterprise Authority (LEA),Local Enterprise Authority (LEA),posted,2026-07-08T20:47:36.082557,96.0
7fcd12289225684a,https://jobsbotswana.info/jobs/chief-pilot-kalahari-air-services/,CHIEF PILOT – Kalahari Air Services,Kalahari Air Services,posted,2026-07-08T20:47:54.050268,98.0
6aef8d6ae1878982,https://jobsbotswana.info/jobs/chief-risk-officer-finance-and-reinsurance-markets-first-mutual-reinsurance-holdings/,CHIEF RISK OFFICER – FINANCE AND REINSURANCE MARKETS – First Mutual Reinsurance Holdings,First Mutual Reinsurance Holdings,posted,2026-07-08T20:48:14.857833,100.0
4f8068c95be34477,https://jobsbotswana.info/jobs/civil-engineers-swy-botswana-engineering-pty-ltd-2/,CIVIL ENGINEERS – SWY Botswana Engineering (Pty) Ltd,SWY Botswana Engineering (Pty) Ltd,posted,2026-07-08T20:48:35.228736,102.0
ce60ee0cd390401e,https://jobsbotswana.info/jobs/cleaner-itshetseng-saccos-2/,CLEANER – Itshetseng Saccos,ITSHETSENG SACCOS,posted,2026-07-08T20:48:55.688632,104.0
40e0ffd6e05e61dd,https://jobsbotswana.info/jobs/club-cashiers-the-brand-lifestyles/,CLUB CASHIERS – The Brand Lifestyles,The Brand Lifestyles,posted,2026-07-08T20:49:11.271712,105.0
4887978578b15ed1,https://jobsbotswana.info/jobs/college-principal-logan-business-college/,COLLEGE PRINCIPAL – Logan Business College,LOGAN BUSINESS COLLEGE,posted,2026-07-08T20:49:28.939755,107.0
f67ecae1be24cfc3,https://jobsbotswana.info/jobs/combi-driver-staff-transportation/,Combi Driver (Staff Transportation),Jobs Botswana,posted,2026-07-08T20:49:47.649120,108.0
8a166bd269ea4991,https://jobsbotswana.info/jobs/compliance-officer-bposaccos/,COMPLIANCE OFFICER – Bposaccos,BPOSACCOS,posted,2026-07-08T20:50:07.226073,109.0
022477762844a390,https://jobsbotswana.info/jobs/confectionery-supervisor-crown-bakery-pty-ltd/,CONFECTIONERY SUPERVISOR – Crown Bakery (Pty) Ltd,Crown Bakery (Pty) Ltd,posted,2026-07-08T20:50:22.846026,110.0
180455b2f92cc417,https://jobsbotswana.info/jobs/construction-supervisor-mmg-khoemacau-copper-mining/,CONSTRUCTION SUPERVISOR – MMG-Khoemacau Copper Mining,MMG-Khoemacau Copper Mining,posted,2026-07-08T20:50:41.634588,112.0
aad9d2dcbac1d502,https://jobsbotswana.info/jobs/consultant-aids-healthcare-foundation-ahf/,CONSULTANT – AIDS Healthcare Foundation (AHF),AIDS Healthcare Foundation (AHF),posted,2026-07-08T20:50:59.469798,114.0
ee38ec1854529597,https://jobsbotswana.info/jobs/contract-specialist-mmg-khoemacau-copper-mining/,CONTRACT SPECIALIST – MMG-Khoemacau Copper Mining,MMG-Khoemacau Copper Mining,posted,2026-07-08T20:51:19.669615,116.0
1c9e8db63519c9ba,https://jobsbotswana.info/jobs/cook-the-jungle-resort-2/,COOK – The Jungle Resort,The Jungle Resort,posted,2026-07-08T20:51:36.287631,118.0
d06c65f034dd508a,https://jobsbotswana.info/jobs/cook-the-jungle-resort/,COOK – The Jungle Resort,The Jungle Resort,posted,2026-07-08T20:51:55.093045,120.0
79af0270ca3d1b15,https://jobsbotswana.info/jobs/corporate-learning-manager-clm-royal-pioneers-investments-pty-ltd-rpi/,CORPORATE LEARNING MANAGER (CLM) – Royal Pioneers Investments Pty Ltd (RPI),Royal Pioneers Investments Pty Ltd (RPI),posted,2026-07-08T20:52:15.331226,122.0
92b25abe6ff25920,https://jobsbotswana.info/jobs/cost-control-lead-mmg-khoemacau-copper-mining/,COST CONTROL LEAD – MMG-Khoemacau Copper Mining,MMG-Khoemacau Copper Mining,posted,2026-07-08T20:52:33.700359,124.0
1abc5557076dd362,https://jobsbotswana.info/jobs/cost-controller-mmg-khoemacau-copper-mining/,COST CONTROLLER – MMG-Khoemacau Copper Mining,MMG-Khoemacau Copper Mining,posted,2026-07-08T20:52:53.972849,126.0
0fca1cbb8beb70be,https://jobsbotswana.info/jobs/customer-care-fleet-coordinator-androw-car-rental/,CUSTOMER CARE & FLEET COORDINATOR – Androw Car Rental,Androw Car Rental,posted,2026-07-08T20:53:11.531081,128.0
ae7fd90dde3d2b30,https://jobsbotswana.info/jobs/customer-care-fleet-coordinator-androw/,CUSTOMER CARE & FLEET COORDINATOR – Androw,Androw,posted,2026-07-08T20:53:48.109438,130.0
684b387d48bd7a1a,https://jobsbotswana.info/jobs/customer-value-management-cvm-intern-mascom/,CUSTOMER VALUE MANAGEMENT (CVM) INTERN – Mascom,Mascom,posted,2026-07-08T20:54:05.966816,132.0
60bd5079204c0fac,https://jobsbotswana.info/jobs/data-protection-manager-botswana-school-of-business-sciences-bac/,DATA PROTECTION MANAGER – Botswana School of Business Sciences (BAC),Botswana School of Business Sciences (BAC),posted,2026-07-08T20:54:26.858020,134.0
46c170774913f1ff,https://jobsbotswana.info/jobs/data-protection-officer-dpo-thuto-saccos/,DATA PROTECTION OFFICER (DPO) – Thuto SACCOS,Thuto SACCOS,posted,2026-07-08T20:54:47.921641,136.0
c2296dd3bd5d9e27,https://jobsbotswana.info/jobs/data-protection-officer-thuto-saccos-2/,DATA PROTECTION OFFICER – Thuto Saccos,THUTO SACCOS,posted,2026-07-08T20:55:07.871659,138.0
12c7234c7147ab4a,https://jobsbotswana.info/jobs/debtors-collection-supervisor-dbh/,DEBTORS COLLECTION SUPERVISOR – Dbh,DBH,posted,2026-07-08T20:55:25.156171,140.0
50984816c3bf777c,https://jobsbotswana.info/jobs/delivery-riders-zebras-2/,DELIVERY RIDERS – Zebras,Zebras,posted,2026-07-08T20:55:42.990037,142.0
603e2676663678e3,https://jobsbotswana.info/jobs/deputy-general-manager-equipment-maintenance-integration-specialist-huaye-botswana-mining-pty-ltd/,DEPUTY GENERAL MANAGER – EQUIPMENT & MAINTENANCE INTEGRATION SPECIALIST – Huaye Botswana Mining (Pty) Ltd,HUAYE BOTSWANA MINING (PTY) LTD,posted,2026-07-08T20:56:01.900366,144.0
643065cce447acac,https://jobsbotswana.info/jobs/deputy-project-director-mmg-khoemacau-copper-mining/,DEPUTY PROJECT DIRECTOR – MMG-Khoemacau Copper Mining,MMG-Khoemacau Copper Mining,posted,2026-07-08T20:56:22.085356,146.0
2059d8a331a01ad1,https://jobsbotswana.info/jobs/detailer-kinetic-shine/,DETAILER – Kinetic Shine,Kinetic Shine,posted,2026-07-08T20:56:41.546367,148.0
5d43c0ba36eaa44d,https://jobsbotswana.info/jobs/digital-marketing-specialist-tecno-mobile/,Digital Marketing Specialist – TECNO Mobile,Jobs Botswana,posted,2026-07-08T20:57:00.380744,149.0
9c517c12ebeabd62,https://jobsbotswana.info/jobs/digital-sales-lead-commercial-bayport-financial-services-botswana-2/,DIGITAL SALES LEAD – COMMERCIAL – Bayport Financial Services Botswana,BAYPORT FINANCIAL SERVICES BOTSWANA,posted,2026-07-08T20:57:17.889979,151.0
48196f5e495832d8,https://jobsbotswana.info/jobs/digital-social-media-intern-lucara-botswana-pty-ltd/,DIGITAL & SOCIAL MEDIA INTERN – Lucara Botswana (Pty) Ltd,Lucara Botswana (Pty) Ltd,posted,2026-07-08T20:57:38.066531,153.0
887c6644bcee3a15,https://jobsbotswana.info/jobs/digital-social-media-officer-mmg-khoemacau/,DIGITAL & SOCIAL MEDIA OFFICER – MMG Khoemacau,MMG Khoemacau,posted,2026-07-08T20:57:56.139245,154.0
4cb166743610bb8e,https://jobsbotswana.info/jobs/director-operations-milling-and-agri-sales-kgodisofeeds/,DIRECTOR OPERATIONS (MILLING AND AGRI- SALES) – kgodisofeeds,kgodisofeeds,posted,2026-07-08T20:58:12.791421,155.0
4aae4ec51ee22fec,https://jobsbotswana.info/jobs/district-coordinator-gaborone-x1-tebelopele-wellness-center/,DISTRICT COORDINATOR: GABORONE X1 – Tebelopele Wellness Center,Tebelopele Wellness Center,posted,2026-07-08T20:58:31.256577,156.0
1e78ace835f9b4eb,https://jobsbotswana.info/jobs/district-coordinator-tebelopele-wellness-center/,DISTRICT COORDINATOR – Tebelopele Wellness Center,Tebelopele Wellness Center,posted,2026-07-08T20:58:48.008516,157.0
64743c8f1b98c69e,https://jobsbotswana.info/jobs/divisional-operations-manager-choppies-2/,DIVISIONAL OPERATIONS MANAGER – Choppies,Choppies,posted,2026-07-08T20:59:06.654884,159.0
cdbf592f80044663,https://jobsbotswana.info/jobs/driver-messenger-deus-medical-supplies-2/,DRIVER/MESSENGER – DEUS Medical Supplies,DEUS Medical Supplies,posted,2026-07-08T20:59:24.140566,161.0
256e5b29feff6aba,https://jobsbotswana.info/jobs/driver-messenger-deus-medical-supplies/,DRIVER/ MESSENGER – DEUS medical supplies,DEUS medical supplies,posted,2026-07-08T20:59:40.061706,163.0
8faa1070abd02c2f,https://jobsbotswana.info/jobs/electrical-engineer-sharps-electrical-pty-ltd/,ELECTRICAL ENGINEER – Sharps Electrical (Pty) Ltd,Sharps Electrical (Pty) Ltd,posted,2026-07-08T20:59:58.634431,165.0
208c12fad08389e0,https://jobsbotswana.info/jobs/electrical-supervisor-sharps-electrical-pty-ltd/,ELECTRICAL SUPERVISOR – Sharps Electrical (Pty) Ltd,Sharps Electrical (Pty) Ltd,posted,2026-07-08T21:00:16.566022,167.0
8a7984a9b87b3767,https://jobsbotswana.info/jobs/engineer/,Engineer,Jobs Botswana,posted,2026-07-08T21:00:31.100448,168.0
366b3af2b3996c91,https://jobsbotswana.info/jobs/environment-community-manager-xigera-safari-lodge/,ENVIRONMENT & COMMUNITY MANAGER – Xigera Safari Lodge,Xigera Safari Lodge,posted,2026-07-08T21:00:51.223792,170.0
03a668502a15c8f1,https://jobsbotswana.info/jobs/erp-finance-system-specialist-huaye-botswana-mining-pty-ltd/,ERP FINANCE SYSTEM SPECIALIST – Huaye Botswana Mining (Pty) Ltd,HUAYE BOTSWANA MINING (PTY) LTD,posted,2026-07-08T21:01:09.889945,172.0
f276c54879ebe9ac,https://jobsbotswana.info/jobs/estate-agent-entry-level-lifetime-properties/,ESTATE AGENT (ENTRY LEVEL) – Lifetime Properties,LIFETIME PROPERTIES,posted,2026-07-08T21:01:27.161169,174.0
ef4b55b7ccd5b28d,https://jobsbotswana.info/jobs/executive-chef-chobe-marina-lodge/,EXECUTIVE CHEF – Chobe Marina Lodge,Chobe Marina Lodge,posted,2026-07-08T21:01:46.027900,176.0
03697aedda82b7c9,https://jobsbotswana.info/jobs/executive-chef-greatplainsconservation/,EXECUTIVE CHEF – greatplainsconservation,greatplainsconservation,posted,2026-07-08T21:02:03.902028,178.0
2b869206a720a99d,https://jobsbotswana.info/jobs/executive-manager-internal-audit-botswana-tourism-organisation/,EXECUTIVE MANAGER-INTERNAL AUDIT – Botswana Tourism Organisation,Botswana Tourism Organisation,posted,2026-07-08T21:02:22.634109,180.0
6015041f78e92db5,https://jobsbotswana.info/jobs/expeditor-mmg-khoemacau-copper-mining/,EXPEDITOR – MMG-Khoemacau Copper Mining,MMG-Khoemacau Copper Mining,posted,2026-07-08T21:02:42.643390,182.0
dca8d2d9cc99a9be,https://jobsbotswana.info/jobs/external-communications-officer-mmg-khoemacau/,EXTERNAL COMMUNICATIONS OFFICER – MMG Khoemacau,MMG Khoemacau,posted,2026-07-08T21:03:01.028788,183.0
afff24be999370d3,https://jobsbotswana.info/jobs/extra-heavy-duty-driver-guernsey-kgalagadi-freight-pty-ltd-2/,EXTRA HEAVY DUTY DRIVER – Guernsey Kgalagadi Freight (Pty) Ltd,Guernsey Kgalagadi Freight (Pty) Ltd,posted,2026-07-08T21:03:20.920369,184.0
b351ec5a0676bc5f,https://jobsbotswana.info/jobs/farm-assistant-the-jungle-resort/,FARM ASSISTANT – The Jungle Resort,The Jungle Resort,posted,2026-07-08T21:03:37.074761,186.0
b7e1ffdbda73efb5,https://jobsbotswana.info/jobs/farm-worker-cheetah-conservation-botswana-2/,FARM WORKER – Cheetah Conservation Botswana,Cheetah Conservation Botswana,posted,2026-07-08T21:03:55.527108,188.0
9a49b191d156f89c,https://jobsbotswana.info/jobs/farm-workers-brookside-farm-pty-ltd/,FARM WORKERS – Brookside Farm (Pty) Ltd,Brookside Farm (Pty) Ltd,posted,2026-07-08T21:04:14.592513,190.0
548d14b19b2eeff9,https://jobsbotswana.info/jobs/farm-workers-sparkcapital/,FARM WORKERS – sparkcapital,sparkcapital,posted,2026-07-08T21:04:30.351683,191.0
e8c345143d41bc6c,https://jobsbotswana.info/jobs/farm-workers-vet-agric-suppliers-pty-ltd/,FARM WORKERS – Vet Agric Suppliers (Pty) Ltd,VET AGRIC SUPPLIERS (PTY) LTD,posted,2026-07-08T21:04:47.046701,193.0
a0c2a7b0443058f7,https://jobsbotswana.info/jobs/female-driver-intersales-botswana-2/,FEMALE DRIVER – Intersales Botswana,INTERSALES BOTSWANA,posted,2026-07-08T21:05:04.574359,195.0
7a9c544d4a263eb4,https://jobsbotswana.info/jobs/finance-manager-broadway-toyota/,FINANCE MANAGER – Broadway Toyota,Broadway Toyota,posted,2026-07-08T21:05:22.134429,197.0
a4bdfc70bcba3170,https://jobsbotswana.info/jobs/finance-manager-laurelton-diamonds-botswana/,FINANCE MANAGER – Laurelton Diamonds Botswana,Laurelton Diamonds Botswana,posted,2026-07-08T21:05:41.316414,198.0
eeb233a3aeebfaba,https://jobsbotswana.info/jobs/finance-manager-safe-pro-cold-storage-solutions-proprietary-limited/,FINANCE MANAGER – Safe Pro Cold Storage Solutions Proprietary Limited,Safe Pro Cold Storage Solutions Proprietary Limited,posted,2026-07-08T21:06:00.950841,200.0
930ea391b81d0acc,https://jobsbotswana.info/jobs/finance-officer/,Finance Officer,Jobs Botswana,posted,2026-07-08T21:06:18.268317,201.0
3353874f1f69c2aa,https://jobsbotswana.info/jobs/financial-advisor-commission-based-insurance-agent-safeline-marketing-insurance-agency/,FINANCIAL ADVISOR (COMMISSION-BASED INSURANCE AGENT) – Safeline Marketing Insurance Agency,Safeline Marketing Insurance Agency,posted,2026-07-08T21:06:34.626387,203.0
80c8855c8c5ffdb2,https://jobsbotswana.info/jobs/financial-integration-specialist-huaye-botswana-mining-pty-ltd/,FINANCIAL INTEGRATION SPECIALIST – Huaye Botswana Mining (Pty) Ltd,HUAYE BOTSWANA MINING (PTY) LTD,posted,2026-07-08T21:06:56.585595,205.0
8d069a2960f9ee57,https://jobsbotswana.info/jobs/football-team-manager-filano-energy/,FOOTBALL TEAM MANAGER – Filano Energy,Filano Energy,posted,2026-07-08T21:07:14.015210,207.0
0f1d30a31fa35edb,https://jobsbotswana.info/jobs/front-desk-admin-officer-lowapi-study-centre/,FRONT DESK & ADMIN OFFICER – Lowapi Study Centre,Lowapi Study Centre,posted,2026-07-08T21:07:31.834859,209.0
d1aad42c4b3254ea,https://jobsbotswana.info/jobs/fruit-pickers-seasonal-selebi-phikwe-citrus-botswana/,FRUIT PICKERS (SEASONAL) – Selebi Phikwe Citrus (Botswana),Selebi Phikwe Citrus (Botswana),posted,2026-07-08T21:07:52.127693,211.0
41a3f76c3b232fee,https://jobsbotswana.info/jobs/general-manager-corporate-services-motor-vehicle-accident-fund-mva-fund/,GENERAL MANAGER CORPORATE SERVICES – Motor Vehicle Accident Fund (MVA FUND),Motor Vehicle Accident Fund (MVA FUND),posted,2026-07-08T21:08:08.856338,212.0
eae61a8ea997db97,https://jobsbotswana.info/jobs/general-manager-corporate-services-motor-vehicle-accident-fund/,GENERAL MANAGER CORPORATE SERVICES – Motor Vehicle Accident Fund,Motor Vehicle Accident Fund,posted,2026-07-08T21:08:21.806167,212.0
2a80b66fafd03fcd,https://jobsbotswana.info/jobs/general-manager-customer-services-motor-vehicle-accident-fund-mva-fund/,GENERAL MANAGER CUSTOMER SERVICES – Motor Vehicle Accident Fund (MVA FUND),Motor Vehicle Accident Fund (MVA FUND),posted,2026-07-08T21:08:37.670929,213.0
0c0e56740798425e,https://jobsbotswana.info/jobs/general-manager-customer-services-motor-vehicle-accident-fund/,GENERAL MANAGER CUSTOMER SERVICES – Motor Vehicle Accident Fund,Motor Vehicle Accident Fund,posted,2026-07-08T21:08:55.909958,215.0
1eec1974c8bfae36,https://jobsbotswana.info/jobs/general-manager-east-and-central-africa-first-mutual-reinsurance-holdings/,GENERAL MANAGER – EAST AND CENTRAL AFRICA – First Mutual Reinsurance Holdings,First Mutual Reinsurance Holdings,posted,2026-07-08T21:09:14.519079,217.0
182f0ef17bc40dd4,https://jobsbotswana.info/jobs/general-manager-gainville-ptyltd/,GENERAL MANAGER – Gainville (Pty)Ltd,Gainville (Pty)Ltd,posted,2026-07-08T21:09:31.907693,219.0
598ebe6afdb0fe0b,https://jobsbotswana.info/jobs/general-manager-wildernessdestinations/,GENERAL MANAGER – wildernessdestinations,wildernessdestinations,posted,2026-07-08T21:09:53.009704,220.0
940b8e1925df794e,https://jobsbotswana.info/jobs/general-practitioner/,GENERAL PRACTITIONER – Maun Private Hospital,Jobs Botswana,posted,2026-07-08T21:10:07.987385,221.0
a18fdc3d91f8731b,https://jobsbotswana.info/jobs/grader-operators-liftoff-investments-pty-ltd/,GRADER OPERATORS – Liftoff Investments (Pty) Ltd,LIFTOFF INVESTMENTS (PTY) LTD,posted,2026-07-08T21:10:25.524860,223.0
0193c85ddd3566cd,https://jobsbotswana.info/jobs/graduate-engineers-liftoff-investments-pty-ltd/,GRADUATE ENGINEERS – Liftoff Investments (Pty) Ltd,LIFTOFF INVESTMENTS (PTY) LTD,posted,2026-07-08T21:10:43.116371,225.0
0ba57666753ded0c,https://jobsbotswana.info/jobs/head-credit-monitoring-bank-of-baroda-botswana-ltd/,HEAD CREDIT MONITORING – Bank of Baroda (Botswana) Ltd,BANK OF BARODA (BOTSWANA) LTD,posted,2026-07-08T21:11:01.208341,227.0
de0ac64942afafda,https://jobsbotswana.info/jobs/headcoach-youngstars-football-club/,HEADCOACH – Youngstars Football Club,Youngstars Football Club,posted,2026-07-08T21:11:19.834228,229.0
dd564b5bbc99babf,https://jobsbotswana.info/jobs/high-school-teacher-kopano-school/,HIGH SCHOOL TEACHER – Kopano School,Kopano School,posted,2026-07-08T21:11:37.621658,231.0
3c800a670f19e1a3,https://jobsbotswana.info/jobs/horse-safari-assistant-manager-and-mechanic-maintenance-manager-can-be-couple-or-two-singles/,Horse Safari Assistant Manager and Mechanic/ Maintenance Manager can be couple or two singles,Jobs Botswana,posted,2026-07-08T21:11:53.549468,232.0
c46e818e5c720775,https://jobsbotswana.info/jobs/hospitality-trainer-desert-delta-safaris-2/,HOSPITALITY TRAINER – Desert & Delta Safaris,Desert & Delta Safaris,posted,2026-07-08T21:12:13.317094,234.0
5e96e8f9b2706169,https://jobsbotswana.info/jobs/housekeeping-assistant-cleaner-haven-city-medical-clinic-2/,HOUSEKEEPING ASSISTANT (CLEANER) – Haven City Medical Clinic,HAVEN CITY MEDICAL CLINIC,posted,2026-07-08T21:12:29.603362,236.0
02d8766570495929,https://jobsbotswana.info/jobs/hq-intergration-support-manager-huaye-botswana-mining-pty-ltd/,HQ INTERGRATION SUPPORT MANAGER – Huaye Botswana Mining (Pty) Ltd,HUAYE BOTSWANA MINING (PTY) LTD,posted,2026-07-08T21:12:48.220878,238.0
2924110b836432c9,https://jobsbotswana.info/jobs/hr-integration-specialist-huaye-botswana-mining-pty-ltd/,HR INTEGRATION SPECIALIST – Huaye Botswana Mining (Pty) Ltd,HUAYE BOTSWANA MINING (PTY) LTD,posted,2026-07-08T21:13:05.328487,240.0
9de22d21d808a4f5,https://jobsbotswana.info/jobs/hse-supervisor-mmg-khoemacau-copper-mining/,HSE SUPERVISOR – MMG-Khoemacau Copper Mining,MMG-Khoemacau Copper Mining,posted,2026-07-08T21:13:25.386858,242.0
7464e694d954b3d3,https://jobsbotswana.info/jobs/human-resource-officer-2/,HUMAN RESOURCE OFFICER,Jobs Botswana,posted,2026-07-08T21:13:42.905118,243.0
eb6d716174768db3,https://jobsbotswana.info/jobs/human-resource-officer/,Human Resource Officer,Jobs Botswana,posted,2026-07-08T21:13:57.699624,243.0
d52ad982ab6cce0f,https://jobsbotswana.info/jobs/human-resources-hr-intern-lidoma-m/,HUMAN RESOURCES (HR) INTERN – Lidoma M.,Lidoma M.,posted,2026-07-08T21:14:15.992427,245.0
a9ae0528a65f1341,https://jobsbotswana.info/jobs/human-resources-manager-cell-city/,HUMAN RESOURCES MANAGER – Cell City,Cell City,posted,2026-07-08T21:14:37.194361,247.0
c54e83b2614eb0f7,https://jobsbotswana.info/jobs/impact-insights-officer/,Impact & Insights Officer,Jobs Botswana,posted,2026-07-08T21:14:56.252313,248.0
a5f8d856e7251d7c,https://jobsbotswana.info/jobs/improvement-engineer-mmg-khoemacau/,IMPROVEMENT ENGINEER – MMG Khoemacau,MMG,posted,2026-07-08T21:15:15.358403,249.0
21c7d29888b5abd5,https://jobsbotswana.info/jobs/integrated-strategy-manager-mmg-khoemacau-copper-mining/,INTEGRATED STRATEGY MANAGER – MMG-Khoemacau Copper Mining,MMG-Khoemacau Copper Mining,posted,2026-07-08T21:15:36.396165,251.0
0db7cf8ef724bcd8,https://jobsbotswana.info/jobs/interior-designer-the-grand-loft/,INTERIOR DESIGNER – The Grand Loft,THE GRAND LOFT,posted,2026-07-08T21:15:52.394228,253.0
54bc280bbdc25c4e,https://jobsbotswana.info/jobs/internship-videography-livestreaming-graphic-design-content-creation-software-engineering-multimedia-onslot-engineering-pty-ltd-onslot-leds/,"INTERNSHIP – VIDEOGRAPHY/LIVESTREAMING, GRAPHIC DESIGN/CONTENT CREATION & SOFTWARE ENGINEERING-MULTIMEDIA – Onslot Engineering (Pty) Ltd (Onslot LEDs)",Onslot Engineering (Pty) Ltd (Onslot LEDs),posted,2026-07-08T21:16:09.487528,255.0
74469a693f06ae41,https://jobsbotswana.info/jobs/interpreter-huaye-botswana-mining-pty-ltd-2/,INTERPRETER – Huaye Botswana Mining (Pty) Ltd,HUAYE BOTSWANA MINING (PTY) LTD,posted,2026-07-08T21:16:26.445708,257.0
4ac44229dc449531,https://jobsbotswana.info/jobs/inventory-procurement-officer-multotec/,INVENTORY & PROCUREMENT OFFICER – Multotec,MULTOTEC,posted,2026-07-08T21:16:43.250718,258.0
558ece5b10bb41e8,https://jobsbotswana.info/jobs/invitation-to-apply-for-customs-clearing-agent-license-botswana-unified-revenue-service-burs/,INVITATION TO APPLY FOR CUSTOMS CLEARING AGENT LICENSE – Botswana Unified Revenue Service (BURS),Botswana Unified Revenue Service (BURS),posted,2026-07-08T21:16:59.686332,259.0
a9da55baeb1b23e3,https://jobsbotswana.info/jobs/lady-driver-wanted-apex-hub/,LADY DRIVER WANTED – Apex Hub,Jobs Botswana,posted,2026-07-08T21:17:16.723426,260.0
adbc0ae14749fc1a,https://jobsbotswana.info/jobs/launch-your-career-with-us-letshego-bank/,LAUNCH YOUR CAREER WITH US – Letshego Bank,Letshego Bank,posted,2026-07-08T21:17:33.889787,262.0
9cab1f5b19279dff,https://jobsbotswana.info/jobs/launch-your-career-with-us-temporal-and-internship-opportunities-2026-fixed-term-and-internships-letshego-bank/,LAUNCH YOUR CAREER WITH US TEMPORAL AND INTERNSHIP OPPORTUNITIES 2026 FIXED TERM AND INTERNSHIPS – Letshego Bank,Letshego Bank,posted,2026-07-08T21:17:49.955140,264.0
8f82b58aa60e9e65,https://jobsbotswana.info/jobs/lecturers-nampol-college-of-education/,LECTURERS – Nampol College of Education,NAMPOL COLLEGE OF EDUCATION,posted,2026-07-08T21:18:11.367227,266.0
9a48ce72576489df,https://jobsbotswana.info/jobs/legal-counsel-mmg-khoemacau/,LEGAL COUNSEL – MMG Khoemacau,MMG Khoemacau,posted,2026-07-08T21:18:30.445745,267.0
2b63d22147ebdc49,https://jobsbotswana.info/jobs/legal-integration-specialist-huaye-botswana-mining-pty-ltd/,LEGAL INTEGRATION SPECIALIST – Huaye Botswana Mining (Pty) Ltd,HUAYE BOTSWANA MINING (PTY) LTD,posted,2026-07-08T21:18:48.775341,269.0
7467f45e90a9b2ad,https://jobsbotswana.info/jobs/machine-setter-injection-moulding-chloride-exide-botswana/,Machine Setter (Injection Moulding) – Chloride Exide Botswana,Jobs Botswana,posted,2026-07-08T21:19:04.359455,270.0
2e793ee9eb23e886,https://jobsbotswana.info/jobs/maintenance-supervisor-mmg-khoemacau-copper-mining/,MAINTENANCE SUPERVISOR – MMG-Khoemacau Copper Mining,MMG-Khoemacau Copper Mining,posted,2026-07-08T21:19:23.176788,272.0
4c02a1d0126a3a57,https://jobsbotswana.info/jobs/managing-director-project-integration-specialist-huaye-botswana-mining-pty-ltd/,MANAGING DIRECTOR – PROJECT INTEGRATION SPECIALIST – Huaye Botswana Mining (Pty) Ltd,HUAYE BOTSWANA MINING (PTY) LTD,posted,2026-07-08T21:19:42.160587,274.0
4772f76a42088295,https://jobsbotswana.info/jobs/managing-director-project-specialist-huaye-botswana-mining-pty-ltd/,MANAGING DIRECTOR – PROJECT SPECIALIST – Huaye Botswana Mining (Pty) Ltd,HUAYE BOTSWANA MINING (PTY) LTD,posted,2026-07-08T21:20:01.565235,276.0
b5595f5664964238,https://jobsbotswana.info/jobs/managing-partner-audit-assurance-hlb-botswana-2/,MANAGING PARTNER – AUDIT & ASSURANCE – HLB Botswana,HLB Botswana,posted,2026-07-08T21:20:21.004386,278.0
3e1bd4b42423fe96,https://jobsbotswana.info/jobs/marketing-exec-naties-media-investments/,MARKETING EXEC – Naties Media Investments,NATIES MEDIA INVESTMENTS,posted,2026-07-08T21:20:38.840031,280.0
046947605a106d86,https://jobsbotswana.info/jobs/marketing-manager-stanbic-bank-gaborone-golf-club/,MARKETING MANAGER – Stanbic Bank Gaborone Golf Club,Jobs Botswana,posted,2026-07-08T21:20:55.525455,281.0
3f91942656c4ffc3,https://jobsbotswana.info/jobs/mathematics-physics-tutor-quick-minds-academy/,MATHEMATICS & PHYSICS TUTOR – Quick Minds Academy,QUICK MINDS ACADEMY,posted,2026-07-08T21:21:12.420976,283.0
8adb2ad3041a0b67,https://jobsbotswana.info/jobs/mine-production-superintendent-mmg-khoemacau-copper-mining/,MINE PRODUCTION SUPERINTENDENT – MMG-Khoemacau Copper Mining,MMG-Khoemacau Copper Mining,posted,2026-07-08T21:21:31.883440,285.0
38e30ae6ed3c517a,https://jobsbotswana.info/jobs/mine-project-shift-supervisors-new/,Mine project shift supervisors New,Jobs Botswana,posted,2026-07-08T21:21:47.783736,286.0
559d196da31cc227,https://jobsbotswana.info/jobs/mine-project-shift-supervisors/,Mine project shift supervisors,Jobs Botswana,posted,2026-07-08T21:22:05.403599,287.0
20f94439f2fb662b,https://jobsbotswana.info/jobs/mine-technology-superintendent-huaye-botswana-mining-pty-ltd/,MINE TECHNOLOGY SUPERINTENDENT – Huaye Botswana Mining (Pty) Ltd,HUAYE BOTSWANA MINING (PTY) LTD,posted,2026-07-08T21:22:22.924215,289.0
34918079e6351dba,https://jobsbotswana.info/jobs/mining-contract-manager-mmg-khoemacau-copper-mining/,MINING CONTRACT MANAGER – MMG-Khoemacau Copper Mining,MMG-Khoemacau Copper Mining,posted,2026-07-08T21:22:43.060515,291.0
8e9d1bba71c5d95c,https://jobsbotswana.info/jobs/mining-solutions-engineer-high-revolution-pty-ltd/,MINING SOLUTIONS ENGINEER – High Revolution (Pty) Ltd,High Revolution (Pty) Ltd,posted,2026-07-08T21:23:03.698899,293.0
24a28bf4d52d0e3d,https://jobsbotswana.info/jobs/mixologist-the-brand-lifestyles/,MIXOLOGIST – The Brand Lifestyles,The Brand Lifestyles,posted,2026-07-08T21:23:20.188456,294.0
df718c72621daa6c,https://jobsbotswana.info/jobs/motor-dealer-operations-manager-ntt/,MOTOR DEALER OPERATIONS MANAGER – Ntt,NTT,posted,2026-07-08T21:23:37.176410,296.0
41018a7a07a32b53,https://jobsbotswana.info/jobs/multiple-network-telecommunications-vacancies-9-positions-afroegypt-engineering-pty-ltd/,MULTIPLE NETWORK & TELECOMMUNICATIONS VACANCIES (9 POSITIONS) – AfroEgypt Engineering (Pty) Ltd,AfroEgypt Engineering (Pty) Ltd,posted,2026-07-08T21:23:52.385557,297.0
eaff409ec05d139b,https://jobsbotswana.info/jobs/multiple-vacancies-creative-compound/,MULTIPLE VACANCIES – Creative Compound,Creative Compound,posted,2026-07-08T21:24:08.345833,299.0
6842be726b0c7733,https://jobsbotswana.info/jobs/multiple-vacancies-engineers-managers-directors-chef-positions-unik-construction-engineering-pty-ltd/,"MULTIPLE VACANCIES – ENGINEERS, MANAGERS, DIRECTORS & CHEF POSITIONS – Unik Construction Engineering (Pty) Ltd",Unik Construction Engineering (Pty) Ltd,posted,2026-07-08T21:24:29.745291,301.0
26b4c1ec9bbf0621,https://jobsbotswana.info/jobs/nationwide-field-agents-ecobiz/,NATIONWIDE FIELD AGENTS – Ecobiz,Ecobiz,posted,2026-07-08T21:24:47.311475,303.0
6279b494e07a75d8,https://jobsbotswana.info/jobs/non-executive-director-liberty-life-botswana/,NON-EXECUTIVE DIRECTOR – Liberty Life Botswana,Liberty Life Botswana,posted,2026-07-08T21:25:05.480093,304.0
db07da26238f7b18,https://jobsbotswana.info/jobs/nurse-aide-healthcare-assistant-life-gaborone-private-hospital/,NURSE AIDE/HEALTHCARE ASSISTANT – Life Gaborone Private Hospital,Life Gaborone Private Hospital,posted,2026-07-08T21:25:25.454156,306.0
a02b8bb07ba6b1d3,https://jobsbotswana.info/jobs/office-administrator-bokamoso-educational-academy/,OFFICE ADMINISTRATOR – Bokamoso Educational Academy,Bokamoso Educational Academy,posted,2026-07-08T21:25:42.504623,307.0
3320c5e1ad21172c,https://jobsbotswana.info/jobs/office-administrator-curriculum-coordinator/,Office Administrator & Curriculum Coordinator,Jobs Botswana,posted,2026-07-08T21:25:59.464012,308.0
d074a6c3f9589519,https://jobsbotswana.info/jobs/office-assistant-botswana-teachers-savings-and-credit-cooperative-society/,OFFICE ASSISTANT – Botswana Teachers Savings and Credit Cooperative Society,Botswana Teachers Savings and Credit Cooperative Society,posted,2026-07-08T21:26:16.202008,309.0
91efe59f11d68221,https://jobsbotswana.info/jobs/officer-cadet-botswana-defence-force-2/,OFFICER CADET – Botswana Defence Force,Botswana Defence Force,posted,2026-07-08T21:26:37.869381,311.0
1ee2834635c8cc4c,https://jobsbotswana.info/jobs/operational-risk-manager-letshego-financial-services-botswana/,OPERATIONAL RISK MANAGER – Letshego Financial Services Botswana,Letshego Financial Services Botswana,posted,2026-07-08T21:26:58.530545,313.0
6f9b891c1240098f,https://jobsbotswana.info/jobs/operations-assistant-woo-international-skills-development-assessment-academy-2/,OPERATIONS ASSISTANT – Woo International Skills Development & Assessment Academy,Woo International Skills Development & Assessment Academy,posted,2026-07-08T21:27:21.335712,315.0
652a99e6061ce7be,https://jobsbotswana.info/jobs/operations-director-builders-mart-botswana/,OPERATIONS DIRECTOR – Builders Mart Botswana,Builders Mart Botswana,posted,2026-07-08T21:27:40.529789,316.0
cfae33003eb331c4,https://jobsbotswana.info/jobs/operations-logistics-manager-choppies/,OPERATIONS LOGISTICS MANAGER – Choppies,Choppies,posted,2026-07-08T21:27:58.318979,318.0
2c4675566851ebe5,https://jobsbotswana.info/jobs/operations-manager-extreme-electrix-pty-ltd/,OPERATIONS MANAGER – Extreme Electrix (Pty) Ltd,Extreme Electrix (Pty) Ltd,posted,2026-07-08T21:28:34.015649,319.0
0adc755332295085,https://jobsbotswana.info/jobs/operations-manager-lion-park-resort/,OPERATIONS MANAGER – Lion Park Resort,Lion Park Resort,posted,2026-07-08T21:28:53.727514,321.0
cb8ae4f23d124e51,https://jobsbotswana.info/jobs/operations-manager-maya-enterprises-pty-ltd/,OPERATIONS MANAGER – Maya Enterprises (Pty) Ltd,Maya Enterprises (Pty) Ltd,posted,2026-07-08T21:29:12.419998,322.0
ef73966f76787f65,https://jobsbotswana.info/jobs/operations-manager-peacock-blue-pty-ltd-2/,OPERATIONS MANAGER – Peacock Blue Pty Ltd,Peacock Blue Pty Ltd,posted,2026-07-08T21:29:31.564438,324.0
3ab66288bf241676,https://jobsbotswana.info/jobs/optometrist-optician-opticals-botswana/,OPTOMETRIST/OPTICIAN – Opticals Botswana,OPTICALS BOTSWANA,posted,2026-07-08T21:29:46.596737,326.0
2fc60ea17bac8a5b,https://jobsbotswana.info/jobs/part-time-admin-and-marketing-assistant-2/,Part-Time Virtual Admin and Marketing Assistant (Remote),Jobs Botswana,posted,2026-07-08T21:30:03.649915,327.0
301de178ba515dfb,https://jobsbotswana.info/jobs/part-time-clinical-instructors-general-nursing-9-posts-institute-of-health-sciences-francistown/,PART-TIME CLINICAL INSTRUCTORS – GENERAL NURSING 9 POSTS – Institute of Health Sciences-Francistown,Institute of Health Sciences-Francistown,posted,2026-07-08T21:30:21.926924,329.0
ebde94e7a5f41299,https://jobsbotswana.info/jobs/part-time-information-systems-project-supervisors-botswana-open-university/,PART-TIME INFORMATION SYSTEMS PROJECT SUPERVISORS – Botswana Open University,Botswana Open University,posted,2026-07-08T21:30:38.676315,330.0
7e672915c9d0d379,https://jobsbotswana.info/jobs/part-time-laboratory-demonstrators-botswana-open-university/,PART-TIME LABORATORY DEMONSTRATORS – Botswana Open University,Botswana Open University,posted,2026-07-08T21:30:56.083382,331.0
91eb57b235b80681,https://jobsbotswana.info/jobs/part-time-tutors-b-ed-special-inclusive-education-botswana-open-university/,PART-TIME TUTORS – B.ED SPECIAL & INCLUSIVE EDUCATION – Botswana Open University,Botswana Open University,posted,2026-07-08T21:31:14.167454,332.0
94c4989966d0a645,https://jobsbotswana.info/jobs/part-time-tutors-botswana-open-university/,PART-TIME TUTORS – Botswana Open University,Botswana Open University,posted,2026-07-08T21:31:30.449565,333.0
f6f5c6ecc09d55a7,https://jobsbotswana.info/jobs/phlebotomist-polaris-labs/,PHLEBOTOMIST – Polaris Labs,POLARIS LABS,posted,2026-07-08T21:31:45.067176,334.0
66f158829648b89a,https://jobsbotswana.info/jobs/plant-bakery-technician-crown-bakery-pty-ltd/,PLANT BAKERY TECHNICIAN – Crown Bakery (Pty) Ltd,Crown Bakery (Pty) Ltd,posted,2026-07-08T21:32:00.563962,335.0
7e18046ac440f5ca,https://jobsbotswana.info/jobs/plant-supervisor-injection-moulding-chloride-exide-botswana/,Plant Supervisor (Injection Moulding) – Chloride Exide Botswana,Jobs Botswana,posted,2026-07-08T21:32:16.552020,336.0
32f0336b1dffba83,https://jobsbotswana.info/jobs/plastic-welder-mp-mining/,PLASTIC WELDER – MP Mining,Jobs Botswana,posted,2026-07-08T21:32:31.730777,337.0
c408a6c89ad70af3,https://jobsbotswana.info/jobs/processing-engineer-mmg-khoemacau/,PROCESSING ENGINEER – MMG Khoemacau,Jobs Botswana,posted,2026-07-08T21:32:54.097339,338.0
d6020abd97965cf3,https://jobsbotswana.info/jobs/procurement-contract-manager-altgen-botswana/,PROCUREMENT CONTRACT MANAGER – Altgen Botswana,ALTGEN BOTSWANA,posted,2026-07-08T21:33:09.506974,340.0
e2f951efe6d59334,https://jobsbotswana.info/jobs/procurement-oversight-manager-botswana-digital-innovation-hub/,PROCUREMENT OVERSIGHT MANAGER – Botswana Digital & Innovation Hub,Botswana Digital & Innovation Hub,posted,2026-07-08T21:33:27.865132,342.0
035030467855166e,https://jobsbotswana.info/jobs/procurement-oversight-manager-permanent-botswana-digital-innovation-hub/,PROCUREMENT OVERSIGHT MANAGER (PERMANENT) – Botswana Digital & Innovation Hub,Botswana Digital & Innovation Hub,posted,2026-07-08T21:33:48.670909,344.0
259fe9a3348c856b,https://jobsbotswana.info/jobs/procurement-oversight-specialist-botswana-teaching-professionals-council-botepco/,PROCUREMENT OVERSIGHT SPECIALIST – Botswana Teaching Professionals Council (BOTEPCO),Botswana Teaching Professionals Council (BOTEPCO),posted,2026-07-08T21:34:07.762571,346.0
7a2a9ca16f242491,https://jobsbotswana.info/jobs/procurement-oversight-specialist-tendering-adjudication-engineering-professionals-botswana-unified-revenue-service-burs/,PROCUREMENT OVERSIGHT SPECIALIST – TENDERING & ADJUDICATION – ENGINEERING PROFESSIONALS – Botswana Unified Revenue Service (BURS),Botswana Unified Revenue Service (BURS),posted,2026-07-08T21:34:22.661446,347.0
b18332c15bae4276,https://jobsbotswana.info/jobs/product-owner-bancassurance-letshego-financial-services-botswana/,PRODUCT OWNER: BANCASSURANCE – Letshego Financial Services Botswana,Letshego Financial Services Botswana,posted,2026-07-08T21:34:43.041935,349.0
f56ed9abe5fce6ca,https://jobsbotswana.info/jobs/production-manager-crown-bakery-pty-ltd/,PRODUCTION MANAGER – Crown Bakery (Pty) Ltd,Crown Bakery (Pty) Ltd,posted,2026-07-08T21:34:58.744198,350.0
5111e52026805a64,https://jobsbotswana.info/jobs/production-officer-national-agro-processing/,PRODUCTION OFFICER – National Agro Processing,National Agro Processing,posted,2026-07-08T21:35:20.408254,352.0
ede1475dcffbdd14,https://jobsbotswana.info/jobs/professional-barber-fish-cuts-premier-barber/,PROFESSIONAL BARBER – Fish Cuts Premier Barber,Fish Cuts Premier Barber,posted,2026-07-08T21:35:35.906520,353.0
318efbfcbfa6db46,https://jobsbotswana.info/jobs/programmes-manager-strategic-projects-transformation-national-development-bank-ndb/,PROGRAMMES MANAGER — STRATEGIC PROJECTS & TRANSFORMATION – National Development Bank (NDB),National Development Bank (NDB),posted,2026-07-08T21:35:53.296563,354.0
bc8cd9e77fdd44fc,https://jobsbotswana.info/jobs/project-assistant-communication-officer-in-international-organisation/,PROJECT ASSISTANT/COMMUNICATION OFFICER IN INTERNATIONAL ORGANISATION,Jobs Botswana,posted,2026-07-08T21:36:09.895640,355.0
d808be5c43633e9a,https://jobsbotswana.info/jobs/project-budget-cost-integration-specialist-huaye-botswana-mining-pty-ltd/,PROJECT BUDGET & COST INTEGRATION SPECIALIST – Huaye Botswana Mining (Pty) Ltd,HUAYE BOTSWANA MINING (PTY) LTD,posted,2026-07-08T21:36:28.354740,357.0
7412b44c9030fadc,https://jobsbotswana.info/jobs/project-manager-liftoff-investments-pty-ltd/,PROJECT MANAGER – Liftoff Investments (Pty) Ltd,LIFTOFF INVESTMENTS (PTY) LTD,posted,2026-07-08T21:36:45.981867,359.0
c0956271080682cc,https://jobsbotswana.info/jobs/project-manager-road-and-bridge-unik-construction-engineering-pty-ltd/,PROJECT MANAGER (ROAD AND BRIDGE) – Unik Construction Engineering (Pty) Ltd,UNIK CONSTRUCTION ENGINEERING (Pty) LTD,posted,2026-07-08T21:37:01.802011,361.0
455dbbddf2ccca3e,https://jobsbotswana.info/jobs/project-managers-engineering-managers-various-construction-roles-china-civil-engineering-construction-botswana-pty-ltd/,"PROJECT MANAGERS, ENGINEERING MANAGERS & VARIOUS CONSTRUCTION ROLES – China Civil Engineering Construction (Botswana) (Pty) Ltd",CHINA CIVIL ENGINEERING CONSTRUCTION (BOTSWANA) (PTY) LTD,posted,2026-07-08T21:37:18.246552,362.0
98e99c10b2321c11,https://jobsbotswana.info/jobs/project-technical-service-manager-mmg-khoemacau-copper-mining/,PROJECT TECHNICAL SERVICE MANAGER – MMG-Khoemacau Copper Mining,MMG-Khoemacau Copper Mining,posted,2026-07-08T21:37:37.787552,364.0
70c1677e0742ade8,https://jobsbotswana.info/jobs/projects-and-assets-manager-wilderness/,PROJECTS AND ASSETS MANAGER – Wilderness,Wilderness,posted,2026-07-08T21:37:55.121945,365.0
c60f9313b2b03aed,https://jobsbotswana.info/jobs/property-manager-estate-property-pty-ltd/,PROPERTY MANAGER – Estate Property (Pty) Ltd,Estate Property (Pty) Ltd,posted,2026-07-08T21:38:13.496659,366.0
8e05d7a832d127ed,https://jobsbotswana.info/jobs/quality-assurance-manager-portfolio-pharmaceuticals-botswana-pty-ltd/,QUALITY ASSURANCE MANAGER – Portfolio Pharmaceuticals Botswana (Pty) Ltd,PORTFOLIO PHARMACEUTICALS BOTSWANA (PTY) LTD,posted,2026-07-08T21:38:33.433561,368.0
e72dc6218a524332,https://jobsbotswana.info/jobs/quality-control-officer/,Quality Control Officer – Nutri Feeds Botswana,Jobs Botswana,posted,2026-07-08T21:38:50.433880,369.0
faaf84887ab47f9c,https://jobsbotswana.info/jobs/quantity-surveyor-lead-mmg-khoemacau-copper-mining/,QUANTITY SURVEYOR LEAD – MMG-Khoemacau Copper Mining,MMG-Khoemacau Copper Mining,posted,2026-07-08T21:39:11.710786,371.0
233ad7c70d2c110c,https://jobsbotswana.info/jobs/ranger-the-jungle-resort/,RANGER – The Jungle Resort,The Jungle Resort,posted,2026-07-08T21:39:28.192989,373.0
17d9928bbd2fbb91,https://jobsbotswana.info/jobs/restaurant-manager-clear-options-pty-ltd/,RESTAURANT MANAGER – Clear Options (Pty) Ltd,Clear Options (Pty) Ltd,posted,2026-07-08T21:39:44.492860,375.0
3776c7920e50d202,https://jobsbotswana.info/jobs/revenue-assurance-officer-re-advertisement/,Revenue Assurance Officer (Re advertisement),Jobs Botswana,posted,2026-07-08T21:40:02.317188,376.0
d052b135e5c87d84,https://jobsbotswana.info/jobs/rigger-tataki-mining-2/,RIGGER – Tataki Mining,TATAKI MINING,posted,2026-07-08T21:40:22.427422,378.0
61428f79450fbca6,https://jobsbotswana.info/jobs/sales-agent-dream-makers-productions/,SALES AGENT – Dream Makers Productions,Dream Makers Productions,posted,2026-07-08T21:40:37.509945,379.0
1ca37413281fd871,https://jobsbotswana.info/jobs/sales-agents-competence-life-pty-ltd/,SALES AGENTS – Competence Life (Pty) Ltd,COMPETENCE LIFE (PTY) LTD,posted,2026-07-08T21:40:55.015569,381.0
eb0b6e0ac39ada06,https://jobsbotswana.info/jobs/sales-agents-housekeeper-excella-guesthouse/,SALES AGENTS & HOUSEKEEPER – Excella Guesthouse,Excella Guesthouse,posted,2026-07-08T21:41:09.619056,382.0
3277d38e96209949,https://jobsbotswana.info/jobs/sales-agents-the-cpd-centre/,SALES AGENTS – The Cpd Centre,THE CPD CENTRE,posted,2026-07-08T21:41:25.437924,383.0
cab7aa7ba7fd40b0,https://jobsbotswana.info/jobs/sales-coordinator-nagpal-holdings/,SALES COORDINATOR – Nagpal Holdings,Nagpal Holdings,posted,2026-07-08T21:41:44.132766,385.0
d2ca9d3e02c016c0,https://jobsbotswana.info/jobs/sales-director-kgalagadi-breweries-ltd/,SALES DIRECTOR – Kgalagadi Breweries Ltd,Kgalagadi Breweries Ltd,posted,2026-07-08T21:42:04.649135,387.0
4ec3e60bd1103359,https://jobsbotswana.info/jobs/sales-lady-simsagas/,SALES LADY – Simsagas,SIMSAGAS,posted,2026-07-08T21:42:21.485414,389.0
b22d3130613f54d7,https://jobsbotswana.info/jobs/sales-manager-and-sales-representatives-ry-agri-botswana/,SALES MANAGER and SALES REPRESENTATIVES – RY AGRI Botswana,Jobs Botswana,posted,2026-07-08T21:42:37.096090,390.0
d5e8c2c62536343a,https://jobsbotswana.info/jobs/sales-marketing-manager-alpha-direct-insurance-co/,SALES & MARKETING MANAGER – Alpha Direct Insurance Co.,Alpha Direct Insurance Co.,posted,2026-07-08T21:42:56.169747,392.0
9403a98f473697f5,https://jobsbotswana.info/jobs/sales-representative-3/,Sales Representative,Jobs Botswana,posted,2026-07-08T21:43:12.680342,393.0
960fba7347034ec1,https://jobsbotswana.info/jobs/sales-representative-readvertisement/,Sales Representative (readvertisement),Jobs Botswana,posted,2026-07-08T21:43:28.735000,394.0
005a628fdd7d9ee0,https://jobsbotswana.info/jobs/sales-representative-western-apparels-pty-ltd-2/,SALES REPRESENTATIVE – Western Apparels (Pty) Ltd,Western Apparels (Pty) Ltd,posted,2026-07-08T21:43:45.764340,396.0
b5bd5c50d705280e,https://jobsbotswana.info/jobs/secondary-school-teachers-chemistry-mathematics-english-language-and-literature-clifton-college/,"SECONDARY SCHOOL TEACHERS (CHEMISTRY, MATHEMATICS, ENGLISH LANGUAGE AND LITERATURE) – Clifton College",Clifton College,posted,2026-07-08T21:44:05.524245,398.0
5f59fe8cbd63cbf0,https://jobsbotswana.info/jobs/security-guards-x77-positions-and-relievers-x18-positions-rainbow-colours-security/,SECURITY GUARDS (X77 POSITIONS) AND RELIEVERS (X18 POSITIONS) – Rainbow Colours Security,Rainbow Colours Security,posted,2026-07-08T21:44:25.289633,400.0
720c3d41fa105ee9,https://jobsbotswana.info/jobs/security-manager-rainbow-colours-security/,SECURITY MANAGER – Rainbow Colours Security,Rainbow Colours Security,posted,2026-07-08T21:44:43.694308,402.0
de1d47c6635d4d03,https://jobsbotswana.info/jobs/security-supervisors-rainbow-colours-security/,SECURITY SUPERVISORS – Rainbow Colours Security,Rainbow Colours Security,posted,2026-07-08T21:45:02.874950,404.0
e6f827ab6a339091,https://jobsbotswana.info/jobs/senior-accountant-mp-mining/,Senior Accountant – MP Mining,Jobs Botswana,posted,2026-07-08T21:45:18.550861,405.0
af92dc39c1598768,https://jobsbotswana.info/jobs/senior-chinese-chef-mmg-khoemacau-copper-mining/,SENIOR CHINESE CHEF – MMG-Khoemacau Copper Mining,MMG-Khoemacau Copper Mining,posted,2026-07-08T21:45:39.205095,407.0
446a40508622777c,https://jobsbotswana.info/jobs/senior-geologist-mmg-khoemacau-copper-mining/,SENIOR GEOLOGIST – MMG-Khoemacau Copper Mining,MMG-Khoemacau Copper Mining,posted,2026-07-08T21:45:59.836260,409.0
21c17291bd45674e,https://jobsbotswana.info/jobs/senior-office-administrator/,SENIOR OFFICE ADMINISTRATOR,Jobs Botswana,posted,2026-07-08T21:46:14.516224,410.0
2eecd6f8b2d83969,https://jobsbotswana.info/jobs/senior-physiotherapist/,SENIOR PHYSIOTHERAPIST,Jobs Botswana,posted,2026-07-08T21:46:28.839384,411.0
856c6e80e805e706,https://jobsbotswana.info/jobs/senior-project-coordinator-mmg-khoemacau-copper-mining/,SENIOR PROJECT COORDINATOR – MMG-Khoemacau Copper Mining,MMG-Khoemacau Copper Mining,posted,2026-07-08T21:46:50.003126,413.0
5c0937b9e2897475,https://jobsbotswana.info/jobs/senior-sales-executive-city-lodge-hotels/,SENIOR SALES EXECUTIVE – City Lodge Hotels,City Lodge Hotels,posted,2026-07-08T21:47:06.192972,414.0
3503c6b53d482316,https://jobsbotswana.info/jobs/service-and-standards-manager-wilderness/,SERVICE AND STANDARDS MANAGER – Wilderness,Wilderness,posted,2026-07-08T21:47:23.615880,415.0
1b23c50e30d492d8,https://jobsbotswana.info/jobs/service-assurance-analyst-mascom/,SERVICE ASSURANCE ANALYST – Mascom,Mascom,posted,2026-07-08T21:47:40.319899,417.0
18e1c460601779d0,https://jobsbotswana.info/jobs/she-integration-specialist-huaye-botswana-mining-pty-ltd/,SHE INTEGRATION SPECIALIST – Huaye Botswana Mining (Pty) Ltd,HUAYE BOTSWANA MINING (PTY) LTD,posted,2026-07-08T21:47:58.203368,419.0
3c15f59324b8bdb9,https://jobsbotswana.info/jobs/shea-officer-mp-mining/,SHEA OFFICER – MP Mining,Jobs Botswana,posted,2026-07-08T21:48:14.228859,420.0
cff1da7d89fafc9e,https://jobsbotswana.info/jobs/shift-in-charge-strides-of-success-pty-ltd-2/,SHIFT IN CHARGE – Strides of Success (Pty) Ltd,Strides of Success (Pty) Ltd,posted,2026-07-08T21:48:33.618232,422.0
825587d0c3733124,https://jobsbotswana.info/jobs/site-engineer-site-agent-ossy-and-sons-investments-pty-ltd/,SITE ENGINEER/ SITE AGENT – Ossy and sons investments pty Ltd,Ossy and sons investments pty Ltd,posted,2026-07-08T21:48:51.523484,424.0
4308a21ada3fd003,https://jobsbotswana.info/jobs/site-foremen-liftoff-investments-pty-ltd/,SITE FOREMEN – Liftoff Investments (Pty) Ltd,LIFTOFF INVESTMENTS (PTY) LTD,posted,2026-07-08T21:49:08.676003,426.0
23976bbd1eae49a4,https://jobsbotswana.info/jobs/spares-clerk-chloride-exide-botswana/,Spares Clerk – Chloride Exide Botswana,Jobs Botswana,posted,2026-07-08T21:49:25.319020,427.0
daee099078a435e9,https://jobsbotswana.info/jobs/special-education-teacher-exceed-learning-center/,SPECIAL EDUCATION TEACHER – Exceed Learning Center,EXCEED LEARNING CENTER,posted,2026-07-08T21:49:39.643650,428.0
d029b6fc258a6b84,https://jobsbotswana.info/jobs/special-educational-needs-sen-teacher/,Special Educational Needs (SEN) Teacher,Jobs Botswana,posted,2026-07-08T21:49:57.448943,429.0
ddbdc008c1c28507,https://jobsbotswana.info/jobs/special-needs-educator-kiddies-academy/,SPECIAL NEEDS EDUCATOR – Kiddies Academy,Kiddies Academy,posted,2026-07-08T21:50:14.949140,431.0
c958870b949a0cdf,https://jobsbotswana.info/jobs/stakeholder-manager-mmg-khoemacau/,STAKEHOLDER MANAGER – MMG Khoemacau,Jobs Botswana,posted,2026-07-08T21:50:32.981186,432.0
6cdeb8408b61031b,https://jobsbotswana.info/jobs/stock-controller-the-brand-lifestyles/,STOCK CONTROLLER – The Brand Lifestyles,The Brand Lifestyles,posted,2026-07-08T21:50:48.650635,433.0
38a42d4c05c6a231,https://jobsbotswana.info/jobs/store-person-mmg-khoemacau/,STORE PERSON – MMG Khoemacau,Jobs Botswana,posted,2026-07-08T21:51:08.846894,434.0
fb5185f044665d0a,https://jobsbotswana.info/jobs/strategic-supply-chain-integration-specialist-huaye-botswana-mining-pty-ltd/,STRATEGIC SUPPLY CHAIN INTEGRATION SPECIALIST – Huaye Botswana Mining (Pty) Ltd,HUAYE BOTSWANA MINING (PTY) LTD,posted,2026-07-08T21:51:26.980560,436.0
e0ed7445cbcf876f,https://jobsbotswana.info/jobs/strategy-project-analyst-3-years-fixed-term-contract-botswana-school-of-business-sciences-bac/,STRATEGY & PROJECT ANALYST (3 YEARS FIXED-TERM CONTRACT) – Botswana School of Business Sciences (BAC),Botswana School of Business Sciences (BAC),posted,2026-07-08T21:51:47.234353,438.0
03f5ddabc9c53a9a,https://jobsbotswana.info/jobs/supply-and-delivery-of-laptops-and-desktop-computers-botswana-international-university-of-science-and-technology-biust/,SUPPLY AND DELIVERY OF LAPTOPS AND DESKTOP COMPUTERS – Botswana International University of Science and Technology (BIUST),Botswana International University of Science and Technology (BIUST),posted,2026-07-08T21:52:07.053862,440.0
7c555bd3863988de,https://jobsbotswana.info/jobs/supply-chain-integration-specialist-huaye-botswana-mining-pty-ltd/,SUPPLY CHAIN INTEGRATION SPECIALIST – Huaye Botswana Mining (Pty) Ltd,HUAYE BOTSWANA MINING (PTY) LTD,posted,2026-07-08T21:52:24.956143,442.0
702b2f54f384391a,https://jobsbotswana.info/jobs/supply-chain-specialist-choppies/,SUPPLY CHAIN SPECIALIST – choppies,choppies,posted,2026-07-08T21:52:41.950448,444.0
d1a1ff10f46827de,https://jobsbotswana.info/jobs/survey-technician-trollope-botswana-international-2/,SURVEY TECHNICIAN – Trollope Botswana International,Trollope Botswana International,posted,2026-07-08T21:53:03.266489,446.0
d6fd3b62d4f1b586,https://jobsbotswana.info/jobs/surveyor-liftoff-investments-pty-ltd/,SURVEYOR – Liftoff Investments (Pty) Ltd,LIFTOFF INVESTMENTS (PTY) LTD,posted,2026-07-08T21:53:21.029404,448.0
00fecaa48aab5c6f,https://jobsbotswana.info/jobs/surveyor-mmg-khoemacau/,SURVEYOR – MMG Khoemacau,Jobs Botswana,posted,2026-07-08T21:53:40.278836,449.0
00089719d92fddd9,https://jobsbotswana.info/jobs/system-support-manager-choppies/,SYSTEM SUPPORT MANAGER – Choppies,Choppies,posted,2026-07-08T21:53:59.085216,451.0
287f85b6fdd5f34b,https://jobsbotswana.info/jobs/taxation-assistant-iams-ca/,TAXATION ASSISTANT – IAMS.CA,Jobs Botswana,posted,2026-07-08T21:54:13.551082,452.0
ed5f1b115ebd89db,https://jobsbotswana.info/jobs/technical-business-development-manager-master-farmer-feeds-pty-ltd/,TECHNICAL BUSINESS DEVELOPMENT MANAGER – Master Farmer Feeds (Pty) Ltd,Master Farmer Feeds (Pty) Ltd,posted,2026-07-08T21:54:33.833881,454.0
8b11923121221c1f,https://jobsbotswana.info/jobs/technical-maintenance-specialist-kabran-auto/,TECHNICAL MAINTENANCE SPECIALIST – Kabran Auto,Kabran Auto,posted,2026-07-08T21:54:49.853958,456.0
a823869e8e35c86a,https://jobsbotswana.info/jobs/technical-services-manager-huaye-botswana-mining-pty-ltd/,TECHNICAL SERVICES MANAGER – Huaye Botswana Mining (Pty) Ltd,HUAYE BOTSWANA MINING (PTY) LTD,posted,2026-07-08T21:55:07.482949,458.0
ebb3fc5a13b84c47,https://jobsbotswana.info/jobs/telecommunications-technician-with-electrical-experience-mvn-security/,TELECOMMUNICATIONS TECHNICIAN (WITH ELECTRICAL EXPERIENCE) – Mvn Security,MVN Security,posted,2026-07-08T21:55:22.037305,459.0
66da7d0efad6baf2,https://jobsbotswana.info/jobs/temporary-principal-registered-nurse-nursing-officer-i-midwife-kgalagadi-north-district-council-republic-of-botswana/,TEMPORARY PRINCIPAL REGISTERED NURSE / NURSING OFFICER I (MIDWIFE) – Kgalagadi North District Council (Republic of Botswana),Kgalagadi North District Council (Republic of Botswana),posted,2026-07-08T21:55:43.835729,461.0
63e635d1efa479e7,https://jobsbotswana.info/jobs/trainee-hse-officer-2-posts-jchx-mining-management-co-ltd/,"TRAINEE HSE OFFICER (2 POSTS) – JCHX Mining Management Co., Ltd.","JCHX Mining Management Co., Ltd.",posted,2026-07-08T21:56:02.211860,462.0
fe22a0b02d3e58a4,https://jobsbotswana.info/jobs/vacancy-temporary-farm-manager-mabutsane-district-council/,VACANCY – TEMPORARY FARM MANAGER – Mabutsane District Council,Mabutsane District Council,posted,2026-07-08T21:56:25.659081,463.0
f255d46c4da2766d,https://jobsbotswana.info/jobs/value-centre-general-manager-x2-vc-south-admin-office-and-vc-north-admin-office-botswanapost/,VALUE CENTRE GENERAL MANAGER X2 (VC SOUTH ADMIN OFFICE AND VC NORTH ADMIN OFFICE) – BotswanaPost,BotswanaPost,posted,2026-07-08T21:56:43.596965,464.0
6d261345bc01587c,https://jobsbotswana.info/jobs/veterinary-surgeon-agrichem-nr/,VETERINARY SURGEON – Agrichem NR,Agrichem NR,posted,2026-07-08T21:57:01.353362,466.0
c37c389ca5880969,https://jobsbotswana.info/jobs/volunteers-needed-various-positions-passionate-impacts/,VOLUNTEERS NEEDED (VARIOUS POSITIONS) – Passionate Impacts,PASSIONATE IMPACTS,posted,2026-07-08T21:57:17.727397,468.0
01b307576bca879e,https://jobsbotswana.info/jobs/waiteress-waiters-bottle-girls-bouncers-professional-djs-and-cleaners-goosebumps-lounge/,"WAITERESS, WAITERS, BOTTLE GIRLS, BOUNCERS, PROFESSIONAL DJS AND CLEANERS – Goosebumps Lounge",Goosebumps Lounge,posted,2026-07-08T21:57:34.992014,469.0
a536d8d5c8b70afe,https://jobsbotswana.info/jobs/wildlife-ranger-greatplainsconservation/,WILDLIFE RANGER – greatplainsconservation,greatplainsconservation,posted,2026-07-08T21:57:51.617562,471.0
25ae4acce9bf55e1,https://jobsbotswana.info/jobs/works-contract-for-supply-delivery-installation-and-commissioning-of-new-110-kva-standby-generator-bobirwa-district-council/,"WORKS CONTRACT FOR SUPPLY, DELIVERY, INSTALLATION AND COMMISSIONING OF NEW 110 KVA STANDBY GENERATOR – Bobirwa District Council",Bobirwa District Council,posted,2026-07-08T21:58:08.894229,473.0
c307fd4dfd7e2e83,https://jobsbotswana.info/jobs/workshop-manager-bango-trading/,WORKSHOP MANAGER – Bango Trading,Jobs Botswana,posted,2026-07-08T21:58:26.228302,474.0
e638058539b64cf2,https://jobsbotswana.info/jobs/advanced-life-support-als-paramedic-emergency-assist-991/,ADVANCED LIFE SUPPORT (ALS) PARAMEDIC – Emergency Assist 991,EMERGENCY ASSIST 991,posted,2026-07-09T02:47:49.590176,476.0
2d9b9c933501089e,https://jobsbotswana.info/jobs/call-centre-team-leader-emergency-assist-991/,CALL CENTRE TEAM LEADER – Emergency Assist 991,Emergency Assist 991,posted,2026-07-09T02:48:10.113286,478.0
274954b00f2a9f19,https://jobsbotswana.info/jobs/chief-executive-officer-ceo-thuto-saccos/,CHIEF EXECUTIVE OFFICER (CEO) – Thuto SACCOS,Thuto SACCOS,posted,2026-07-09T02:48:29.616652,480.0
eee408020c8388d8,https://jobsbotswana.info/jobs/cleaner-itshetseng-saccos/,CLEANER – Itshetseng SACCOS,Itshetseng SACCOS,posted,2026-07-09T02:48:50.018084,482.0
17cdce9415adbbca,https://jobsbotswana.info/jobs/data-protection-officer-thuto-saccos/,DATA PROTECTION OFFICER – Thuto Saccos,THUTO SACCOS,posted,2026-07-09T02:49:11.453250,484.0
465200ca41b0ae5c,https://jobsbotswana.info/jobs/digital-sales-lead-commercial-bayport-financial-services-botswana/,DIGITAL SALES LEAD – COMMERCIAL – Bayport Financial Services Botswana,Bayport Financial Services Botswana,posted,2026-07-09T02:49:29.155747,486.0
aed40da7498ff918,https://jobsbotswana.info/jobs/extra-heavy-duty-driver-guernsey-kgalagadi-freight-pty-ltd/,EXTRA HEAVY DUTY DRIVER – Guernsey Kgalagadi Freight (Pty) Ltd,GUERNSEY KGALAGADI FREIGHT (PTY) LTD,posted,2026-07-09T02:49:49.010787,487.0
189aec0404e11e2a,https://jobsbotswana.info/jobs/hospitality-trainer-desert-delta-safaris/,HOSPITALITY TRAINER – Desert & Delta Safaris,DESERT & DELTA SAFARIS,posted,2026-07-09T02:50:10.078371,489.0
3ca554a444f149b8,https://jobsbotswana.info/jobs/managing-partner-audit-assurance-hlb-botswana/,MANAGING PARTNER – AUDIT & ASSURANCE – HLB Botswana,HLB Botswana,posted,2026-07-09T02:50:27.905859,491.0
9914b24ce0d04a5d,https://jobsbotswana.info/jobs/officer-cadet-botswana-defence-force/,OFFICER CADET – Botswana Defence Force,BOTSWANA DEFENCE FORCE,posted,2026-07-09T02:50:41.711495,311.0
db44cfc66e2903f3,https://jobsbotswana.info/jobs/operations-assistant-woo-international-skills-development-assessment-academy/,OPERATIONS ASSISTANT – Woo International Skills Development & Assessment Academy,Woo International Skills Development & Assessment Academy,posted,2026-07-09T02:50:58.914337,493.0
9bc302d7430e669f,https://jobsbotswana.info/jobs/rigger-tataki-mining/,RIGGER – Tataki Mining,Tataki Mining,posted,2026-07-09T02:51:17.883652,495.0
2ff034ee7325cbf8,https://jobsbotswana.info/jobs/sales-representative-western-apparels-pty-ltd/,SALES REPRESENTATIVE – Western Apparels (Pty) Ltd,WESTERN APPARELS (PTY) LTD,posted,2026-07-09T02:51:36.144167,497.0
65b40337ee65ff68,https://jobsbotswana.info/jobs/assistant-secretary-general-for-environmental-policy-coordination-and-secretary-of-the-environment-management-group-emg-ministry-of-international-relations/,ASSISTANT SECRETARY-GENERAL FOR ENVIRONMENTAL POLICY COORDINATION AND SECRETARY OF THE ENVIRONMENT MANAGEMENT GROUP (EMG) – Ministry of International Relations,Ministry of International Relations,posted,2026-07-09T06:43:37.988230,498.0
c98175ea53f0ee27,https://jobsbotswana.info/jobs/insurance-sub-agents-malsure-insurance-brokers/,INSURANCE SUB-AGENTS – Malsure Insurance Brokers,MALSURE INSURANCE BROKERS,posted,2026-07-09T06:43:56.554699,500.0
32b744463319df43,https://jobsbotswana.info/jobs/production-officer-pensionable-contract-national-agro-processing/,PRODUCTION OFFICER – PENSIONABLE CONTRACT – National Agro Processing,National Agro Processing,posted,2026-07-09T06:44:15.831797,502.0
f099d837d4a45eb8,https://jobsbotswana.info/jobs/professional-waiters-waitresses-samil-50-truck-driver-barclay-stenner-safaris/,PROFESSIONAL WAITERS & WAITRESSES / SAMIL 50 TRUCK DRIVER – Barclay Stenner Safaris,BARCLAY STENNER SAFARIS,posted,2026-07-09T06:44:32.803571,504.0
1c2b5baeaf9a4a59,https://jobsbotswana.info/jobs/production-officer-pensionable-contract-national-agro-processing-2/,PRODUCTION OFFICER – PENSIONABLE CONTRACT – National Agro Processing,NATIONAL AGRO PROCESSING,posted,2026-07-09T11:57:50.167953,506.0
651f29f65ed6bfd0,https://jobsbotswana.info/jobs/provision-of-facilities-management-services-for-fnb-facilities-nationwide-first-national-bank-of-botswana/,PROVISION OF FACILITIES MANAGEMENT SERVICES FOR FNB FACILITIES NATIONWIDE – First National Bank of Botswana,First National Bank of Botswana,posted,2026-07-09T11:58:06.989149,508.0
07a31fa50959f55d,https://jobsbotswana.info/jobs/provision-of-facilities-management-services-for-fnbb-facilities-nationwide-first-national-bank-of-botswana/,PROVISION OF FACILITIES MANAGEMENT SERVICES FOR FNBB FACILITIES NATIONWIDE – First National Bank of Botswana,First National Bank of Botswana,posted,2026-07-09T11:58:23.331290,510.0
3682eec205cb7084,https://jobsbotswana.info/jobs/auto-mechanic-gips/,AUTO MECHANIC – Gips,GIPS,failed|wp_post_failed_or_skipped,2026-07-09T19:55:21.708370,
30028510295e979f,https://jobsbotswana.info/jobs/cleaner-itsetseng-saccos/,CLEANER – Itsetseng Saccos,Itsetseng Saccos,posted,2026-07-09T19:55:38.651914,511.0
7ce5510509f81076,https://jobsbotswana.info/jobs/hotel-manager-front-desk-officers-the-royal-gem-hotel/,HOTEL MANAGER & FRONT DESK OFFICERS – The Royal Gem Hotel,The Royal Gem Hotel,posted,2026-07-09T19:55:55.372463,512.0
5a3eb841f0702689,https://jobsbotswana.info/jobs/multiple-security-positions-security-guards-security-supervisors-and-security-manager-rainbow-colours-security/,"MULTIPLE SECURITY POSITIONS: SECURITY GUARDS, SECURITY SUPERVISORS, AND SECURITY MANAGER – Rainbow Colours Security",Rainbow Colours Security,posted,2026-07-09T19:56:13.559821,513.0
561812a48808ff90,https://jobsbotswana.info/jobs/panel-beater-gips/,PANEL BEATER – Gips,GIPS,posted,2026-07-09T19:56:29.025888,514.0
cdf244af270cb5d8,https://jobsbotswana.info/jobs/procurement-of-works-contract-for-the-construction-of-kgotla-shelter-in-lesenepole-village-palapye-district-council/,PROCUREMENT OF WORKS CONTRACT FOR THE CONSTRUCTION OF KGOTLA SHELTER IN LESENEPOLE VILLAGE – Palapye District Council,Palapye District Council,posted,2026-07-09T19:56:47.297502,516.0
f2c6317ec3d6faca,https://jobsbotswana.info/jobs/sales-agents-the-cpd-centre-2/,SALES AGENTS – The Cpd Centre,The Cpd Centre,posted,2026-07-09T19:57:02.797305,517.0
ca239916b6833292,https://jobsbotswana.info/jobs/setswana-voice-call-contributor-paid-conversational-recording-work/,Setswana Voice Call Contributor – Paid Conversational Recording Work,Jobs Botswana,posted,2026-07-09T19:57:18.266319,518.0
e97425909c875ca7,https://jobsbotswana.info/jobs/spray-painter-gips/,SPRAY PAINTER – Gips,GIPS,posted,2026-07-09T19:57:34.323502,519.0
4407ba8f2ae649ff,https://jobsbotswana.info/jobs/works-contract-for-the-procurement-of-the-construction-of-kgotla-shelter-in-lesenepole-village-palapye-district-council/,WORKS CONTRACT FOR THE PROCUREMENT OF THE CONSTRUCTION OF KGOTLA SHELTER IN LESENEPOLE VILLAGE – Palapye District Council,Palapye District Council,posted,2026-07-09T19:57:53.899032,521.0
b93721d8acdde1f8,https://jobsbotswana.info/jobs/document-services-assistant-tournant-hub-cafe/,DOCUMENT SERVICES ASSISTANT – Tournant Hub Cafe,Tournant Hub Cafe,posted,2026-07-09T22:27:31.904635,522.0
1be3ff3d36266ec5,https://jobsbotswana.info/jobs/hardware-salesperson-tournant-hardware/,HARDWARE SALESPERSON – Tournant Hardware,Tournant Hardware,posted,2026-07-09T22:27:44.539540,523.0
259960b211ae594b,https://jobsbotswana.info/jobs/hotel-manager-the-royal-gem-hotel/,HOTEL MANAGER – The Royal Gem Hotel,The Royal Gem Hotel,posted,2026-07-09T22:28:01.248334,525.0
41b96c68bf4390a5,https://jobsbotswana.info/jobs/sales-administrator-multotec/,SALES ADMINISTRATOR – Multotec,MULTOTEC,posted,2026-07-09T22:28:16.528917,526.0
4cf89420e90d6ce9,https://jobsbotswana.info/jobs/clinical-psychologist-psychmatters-pty-ltd/,CLINICAL PSYCHOLOGIST – PsychMatters (Pty) Ltd,PsychMatters (Pty) Ltd,posted,2026-07-10T11:51:53.353878,528.0
7511d615b3bbacfc,https://jobsbotswana.info/jobs/compliance-officer-bposaccos-2/,COMPLIANCE OFFICER – Bposaccos,BPOSACCOS,posted,2026-07-10T11:52:10.691724,529.0
5ca9549b9dfdf209,https://jobsbotswana.info/jobs/digital-marketing-social-media-consultant-emergency-assist-991/,DIGITAL MARKETING & SOCIAL MEDIA CONSULTANT – Emergency Assist 991,Emergency Assist 991,posted,2026-07-10T11:52:29.196097,531.0
68dc715272c97401,https://jobsbotswana.info/jobs/farm-manager-1-supervisors-2-b-l-moalosi-enterprises/,FARM MANAGER (1); SUPERVISORS (2) – B. L. Moalosi Enterprises,B. L. Moalosi Enterprises,posted,2026-07-10T11:52:52.973563,533.0
2d6c41d0391aa306,https://jobsbotswana.info/jobs/farm-workers-preferably-a-couple-ekoa-pty-ltd/,FARM WORKERS (PREFERABLY A COUPLE) – Ekoa (Pty) Ltd,EKOA (PTY) LTD,posted,2026-07-10T11:53:11.659595,535.0
e431fa9a070d9ee5,https://jobsbotswana.info/jobs/financial-consultant-rankuke-associates-pty-ltd-2/,FINANCIAL CONSULTANT – Rankuke & Associates (Pty) Ltd,Rankuke & Associates (Pty) Ltd,posted,2026-07-10T11:53:28.269494,537.0
e63b49acc5482717,https://jobsbotswana.info/jobs/general-managers-fours-2/,GENERAL MANAGERS – Fours,FOURS,posted,2026-07-10T11:53:45.769407,539.0
2ede7c64b935fb1e,https://jobsbotswana.info/jobs/head-of-preschool-clifton-preparatory-school/,HEAD OF PRESCHOOL – Clifton Preparatory School,Clifton Preparatory School,posted,2026-07-10T11:54:03.190201,541.0
eb6638d89abdedf6,https://jobsbotswana.info/jobs/independent-non-executive-director-nedc-investment-holdings-pty-ltd/,INDEPENDENT NON-EXECUTIVE DIRECTOR – Nedc Investment Holdings (Pty) Ltd,Nedc Investment Holdings (Pty) Ltd,posted,2026-07-10T11:54:20.789731,542.0
e5fbc2b829318804,https://jobsbotswana.info/jobs/project-manager-hotel-refurbishment-synthetic-thatching-projects-chobe-marina-lodge/,PROJECT MANAGER – HOTEL REFURBISHMENT & SYNTHETIC THATCHING PROJECTS – Chobe Marina Lodge,Chobe Marina Lodge,posted,2026-07-10T11:54:37.286046,544.0
6e4c28c6ec1fc712,https://jobsbotswana.info/jobs/quality-controller-fancy-diamond-shapes-signet-direct-diamond-sourcing-botswana-2/,QUALITY CONTROLLER – (FANCY DIAMOND SHAPES) – Signet Direct Diamond Sourcing Botswana,Signet Direct Diamond Sourcing Botswana,posted,2026-07-10T11:54:54.706872,545.0
602d60199a6ac237,https://jobsbotswana.info/jobs/rigger-multi-skilled-operator-tataki-mining/,RIGGER & MULTI-SKILLED OPERATOR – Tataki Mining,Tataki Mining,posted,2026-07-10T11:55:12.617093,547.0
b8e164947da66535,https://jobsbotswana.info/jobs/senior-er-300-functional-consultant-analyst-gafoor-investments-pty-ltd-2/,SENIOR ER 300 FUNCTIONAL CONSULTANT / ANALYST – Gafoor Investments (Pty) Ltd,Gafoor Investments (Pty) Ltd,posted,2026-07-10T11:55:29.661271,548.0
0bc70511964ebae1,https://jobsbotswana.info/jobs/senior-er-300-functional-consultant-analyst-gafoor-investments-pty-ltd/,SENIOR ER 300 FUNCTIONAL CONSULTANT /ANALYST – Gafoor Investments (Pty) Ltd,Gafoor Investments (Pty) Ltd,posted,2026-07-10T11:55:47.700142,549.0
d03d08add5fc3915,https://jobsbotswana.info/jobs/workshop-coordinator-bush-ways-safaris-and-lodges/,WORKSHOP COORDINATOR – Bush Ways Safaris and Lodges,Bush Ways Safaris and Lodges,posted,2026-07-10T11:56:03.110990,551.0
9aba2ebd174c4f97,https://jobsbotswana.info/jobs/financial-consultant-rankuke-associates-pty-ltd/,FINANCIAL CONSULTANT – Rankuke & Associates (Pty) Ltd,Rankuke & Associates (Pty) Ltd,posted,2026-07-10T14:22:58.832608,537.0
86d5b45a1955a665,https://jobsbotswana.info/jobs/provision-of-consultancy-services-client-satisfaction-survey-relationship-managed-portfolio-survey-first-national-bank-of-botswana-limited/,PROVISION OF CONSULTANCY SERVICES (CLIENT SATISFACTION SURVEY & RELATIONSHIP MANAGED PORTFOLIO SURVEY) – First National Bank of Botswana Limited,First National Bank of Botswana Limited,posted,2026-07-10T14:23:15.630236,553.0
6f1bfbec11894c26,https://jobsbotswana.info/jobs/quality-controller-fancy-diamond-shapes-signet-direct-diamond-sourcing-botswana/,QUALITY CONTROLLER – (FANCY DIAMOND SHAPES) – Signet Direct Diamond Sourcing Botswana,Signet Direct Diamond Sourcing Botswana,posted,2026-07-10T14:23:32.881967,554.0
0f8a682ec9a6954f,https://jobsbotswana.info/jobs/bakery-supervisor-baker-driver-pie-time/,BAKERY SUPERVISOR / BAKER / DRIVER – Pie Time,Pie Time,posted,2026-07-10T16:56:11.463154,555.0
b62456f2b3835e01,https://jobsbotswana.info/jobs/consultancy-service-for-biodiversity-inventory-and-conservation-management-plan-cmp-kwenantle-farmers/,CONSULTANCY SERVICE FOR BIODIVERSITY INVENTORY AND CONSERVATION MANAGEMENT PLAN (CMP) – Kwenantle Farmers,Kwenantle Farmers,posted,2026-07-10T16:56:28.267778,556.0
f5b92ca343af2792,https://jobsbotswana.info/jobs/executive-chef-xigera-safari-lodge/,EXECUTIVE CHEF – Xigera Safari Lodge,Xigera Safari Lodge,posted,2026-07-10T16:56:44.794043,558.0
23a5161ecff15c50,https://jobsbotswana.info/jobs/expression-of-interest-accommodation-registration-tender-palapye-district-council/,EXPRESSION OF INTEREST: ACCOMMODATION REGISTRATION (TENDER) – Palapye District Council,Palapye District Council,posted,2026-07-10T16:57:02.839299,560.0
24d5fa1798f498a2,https://jobsbotswana.info/jobs/aml-analyst-x2-first-capital-bank-botswana/,AML ANALYST (X2) – First Capital Bank Botswana,First Capital Bank Botswana,posted,2026-07-10T19:26:32.741636,562.0
a697544c1af4b3ad,https://jobsbotswana.info/jobs/bakery-supervisor-baker-driver-pie-time-2/,"BAKERY SUPERVISOR, BAKER & DRIVER – Pie Time",Pie Time,posted,2026-07-10T19:26:45.425131,555.0
fda64230d2b8fa53,https://jobsbotswana.info/jobs/digital-customer-agent-field-tracing-consultant-letshego-financial-services-botswana/,DIGITAL CUSTOMER AGENT & FIELD TRACING CONSULTANT – Letshego Financial Services Botswana,Letshego Financial Services Botswana,posted,2026-07-10T19:27:06.247551,564.0
39a63ccfcd078579,https://jobsbotswana.info/jobs/lecturer-kanye-seventh-day-adventist-college-of-nursing/,LECTURER – Kanye Seventh-Day Adventist College of Nursing,Kanye Seventh-Day Adventist College of Nursing,posted,2026-07-10T19:27:23.077972,565.0
f6a0cc79ba7c8ed1,https://jobsbotswana.info/jobs/mid-level-full-stack-developer-mern-brastorne/,MID-LEVEL FULL STACK DEVELOPER (MERN) – Brastorne,Brastorne,posted,2026-07-10T19:27:42.243713,567.0
8a447b68274a924d,https://jobsbotswana.info/jobs/nursing-lecturers-kanye-seventh-day-adventist-college-of-nursing/,NURSING LECTURERS – Kanye Seventh-Day Adventist College of Nursing,Kanye Seventh-Day Adventist College of Nursing,posted,2026-07-10T19:27:59.363339,568.0
27c97733356b2ced,https://jobsbotswana.info/jobs/property-manager-estate-property-investments-pty-ltd/,PROPERTY MANAGER – Estate Property Investments (Pty) Ltd,Estate Property Investments (Pty) Ltd,posted,2026-07-10T19:28:19.424287,569.0
2b6200ffb25d1883,https://jobsbotswana.info/jobs/science-lecturers-kanye-seventh-day-adventist-college-of-nursing/,SCIENCE LECTURERS – Kanye Seventh-Day Adventist College of Nursing,Kanye Seventh-Day Adventist College of Nursing,posted,2026-07-10T19:28:36.793277,570.0
876ec0cd031f0b4f,https://jobsbotswana.info/jobs/technical-sales-officer-lidoma-hr-consultancy/,TECHNICAL SALES OFFICER – Lidoma HR Consultancy,Lidoma HR Consultancy,posted,2026-07-10T19:28:54.425049,572.0
b06524b8afac66e1,https://jobsbotswana.info/jobs/technical-services-manager-singita/,TECHNICAL SERVICES MANAGER – Singita,Singita,posted,2026-07-10T19:29:14.390367,574.0
814def3066632ad9,https://jobsbotswana.info/jobs/clinical-psychologist-psychmatters-pty-ltd-2/,CLINICAL PSYCHOLOGIST – PsychMatters (Pty) Ltd,PsychMatters (Pty) Ltd,posted,2026-07-11T02:28:58.607365,576.0
5c5e25dd6ba2e62c,https://jobsbotswana.info/jobs/independent-non-executive-directors-nedc-investment-holdings-pty-ltd/,INDEPENDENT NON-EXECUTIVE DIRECTORS – Nedc Investment Holdings (Pty) Ltd,Nedc Investment Holdings (Pty) Ltd,posted,2026-07-11T02:29:16.080435,577.0
8f2689e49b46d333,https://jobsbotswana.info/jobs/mid-level-devops-engineer-brastorne/,MID-LEVEL DEVOPS ENGINEER – Brastorne,Brastorne,posted,2026-07-11T02:29:32.924467,579.0
dca87045202f241a,https://jobsbotswana.info/jobs/technical-sales-officer-lidoma-hr-consultancy-2/,TECHNICAL SALES OFFICER – Lidoma HR Consultancy,Lidoma HR Consultancy,posted,2026-07-11T02:29:45.365425,572.0
926d4766f1a05f3f,https://jobsbotswana.info/jobs/healthcare-assistant-physiotherapy-physiotherapy-touch-clinic/,HEALTHCARE ASSISTANT (PHYSIOTHERAPY) – Physiotherapy Touch Clinic,Physiotherapy Touch Clinic,posted,2026-07-11T05:40:26.004343,581.0
89665175eb716f12,https://jobsbotswana.info/jobs/information-technology-officer-ii-kanye-seventh-day-adventist-college-of-nursing/,INFORMATION TECHNOLOGY OFFICER II – Kanye Seventh-Day Adventist College of Nursing,Kanye Seventh-Day Adventist College of Nursing,posted,2026-07-11T05:40:41.212884,583.0
58d9ab3b00603d73,https://jobsbotswana.info/jobs/administration-assistant-physiotherapy-touch-clinic/,ADMINISTRATION ASSISTANT – Physiotherapy Touch Clinic,Physiotherapy Touch Clinic,posted,2026-07-11T07:53:34.204284,584.0
b8ef641da430ed60,https://jobsbotswana.info/jobs/proposal-for-leasing-of-residential-houses-to-palapye-district-council-palapye-district-council/,PROPOSAL FOR LEASING OF RESIDENTIAL HOUSES TO PALAPYE DISTRICT COUNCIL – Palapye District Council,Palapye District Council,posted,2026-07-11T07:53:54.826833,586.0
94749dbc71d494b8,https://jobsbotswana.info/jobs/spa-reservations-administrator-consultant-xigera-safari-lodge/,SPA RESERVATIONS ADMINISTRATOR & CONSULTANT – Xigera Safari Lodge,Xigera Safari Lodge,posted,2026-07-11T07:54:14.350826,588.0
f4fe289135ad54f1,https://jobsbotswana.info/jobs/administration-assistant-physiotherapy-clinic-physiotherapy-touch-clinic/,ADMINISTRATION ASSISTANT – PHYSIOTHERAPY CLINIC – Physiotherapy Touch Clinic,Physiotherapy Touch Clinic,posted,2026-07-11T10:30:21.783145,589.0
93e5a82348173611,https://jobsbotswana.info/jobs/head-of-treasury-first-capital-bank/,HEAD OF TREASURY – First Capital Bank,First Capital Bank,posted,2026-07-11T10:30:39.972593,591.0
832dc3efd3df6102,https://jobsbotswana.info/jobs/inclusive-and-special-education-lecturer-ba-isago-university/,INCLUSIVE AND SPECIAL EDUCATION LECTURER – BA ISAGO University,BA ISAGO University,posted,2026-07-11T10:30:59.284299,593.0
6999ee06639c2cc2,https://jobsbotswana.info/jobs/it-officer-first-capital-bank/,IT OFFICER – First Capital Bank,First Capital Bank,posted,2026-07-11T10:31:14.581806,595.0
01444b9557f602b0,https://jobsbotswana.info/jobs/lecturer-senior-lecturer-associate-professor-professor-accounting-and-finance-ba-isago-university/,LECTURER/SENIOR LECTURER/ASSOCIATE PROFESSOR/PROFESSOR – ACCOUNTING AND FINANCE – BA ISAGO University,BA ISAGO University,posted,2026-07-11T10:31:33.425127,597.0
cdbbb4ea290e17ef,https://jobsbotswana.info/jobs/lecturer-senior-lecturer-associate-professor-professor-actuarial-sciences-ba-isago-university/,LECTURER/SENIOR LECTURER/ASSOCIATE PROFESSOR/PROFESSOR – ACTUARIAL SCIENCES – BA ISAGO University,BA ISAGO University,posted,2026-07-11T10:31:51.484748,599.0
63f27f04b3366a34,https://jobsbotswana.info/jobs/lecturer-senior-lecturer-associate-professor-professor-banking-and-finance-ba-isago-university/,LECTURER/SENIOR LECTURER/ASSOCIATE PROFESSOR/PROFESSOR – BANKING AND FINANCE – BA ISAGO University,BA ISAGO University,posted,2026-07-11T10:32:07.779480,601.0
97972fca08fd3b4a,https://jobsbotswana.info/jobs/lecturer-senior-lecturer-associate-professor-professor-business-communication-ba-isago-university/,LECTURER/SENIOR LECTURER/ASSOCIATE PROFESSOR/PROFESSOR – BUSINESS COMMUNICATION – BA ISAGO University,BA ISAGO University,posted,2026-07-11T10:32:24.531208,603.0
08e0613bba0fbf82,https://jobsbotswana.info/jobs/lecturer-senior-lecturer-associate-professor-professor-counselling-ba-isago-university/,LECTURER/SENIOR LECTURER/ASSOCIATE PROFESSOR/PROFESSOR – COUNSELLING – BA ISAGO University,BA ISAGO University,posted,2026-07-11T10:32:41.052431,605.0
57f7a8fbe39ee2f8,https://jobsbotswana.info/jobs/lecturer-senior-lecturer-associate-professor-professor-criminology-ba-isago-university/,LECTURER/SENIOR LECTURER/ASSOCIATE PROFESSOR/PROFESSOR – CRIMINOLOGY – BA ISAGO University,BA ISAGO University,posted,2026-07-11T10:32:59.271836,607.0
19567994a68f1143,https://jobsbotswana.info/jobs/lecturer-senior-lecturer-associate-professor-professor-digital-marketing-artificial-intelligence-ba-isago-university/,LECTURER/SENIOR LECTURER/ASSOCIATE PROFESSOR/PROFESSOR – DIGITAL MARKETING/ARTIFICIAL INTELLIGENCE – BA ISAGO University,BA ISAGO University,posted,2026-07-11T10:33:16.735214,609.0
e724b73b77fc3147,https://jobsbotswana.info/jobs/lecturer-senior-lecturer-associate-professor-professor-early-childhood-development-ba-isago-university/,LECTURER/SENIOR LECTURER/ASSOCIATE PROFESSOR/PROFESSOR – EARLY CHILDHOOD DEVELOPMENT – BA ISAGO University,BA ISAGO University,posted,2026-07-11T10:33:33.952480,611.0
327b150cd97e2b80,https://jobsbotswana.info/jobs/lecturer-senior-lecturer-associate-professor-professor-economics-ba-isago-university/,LECTURER/SENIOR LECTURER/ASSOCIATE PROFESSOR/PROFESSOR – ECONOMICS – BA ISAGO University,BA ISAGO University,posted,2026-07-11T10:33:49.961792,613.0
28c32423e6b12d6c,https://jobsbotswana.info/jobs/lecturer-senior-lecturer-associate-professor-professor-entrepreneurship-ba-isago-university/,LECTURER/SENIOR LECTURER/ASSOCIATE PROFESSOR/PROFESSOR – ENTREPRENEURSHIP – BA ISAGO University,BA ISAGO University,posted,2026-07-11T10:34:06.703282,615.0
c759bed8b65515b2,https://jobsbotswana.info/jobs/lecturer-senior-lecturer-associate-professor-professor-financial-engineering-ba-isago-university/,LECTURER/SENIOR LECTURER/ASSOCIATE PROFESSOR/PROFESSOR – FINANCIAL ENGINEERING – BA ISAGO University,BA ISAGO University,posted,2026-07-11T10:34:25.131291,617.0
3fbc18ff83ecfa47,https://jobsbotswana.info/jobs/lecturer-senior-lecturer-associate-professor-professor-gender-and-transformation-ba-isago-university/,LECTURER/SENIOR LECTURER/ASSOCIATE PROFESSOR/PROFESSOR – GENDER AND TRANSFORMATION – BA ISAGO University,BA ISAGO University,posted,2026-07-11T10:34:44.888592,619.0
d1c6cd1426754df6,https://jobsbotswana.info/jobs/lecturer-senior-lecturer-associate-professor-professor-general-education-ba-isago-university/,LECTURER/SENIOR LECTURER/ASSOCIATE PROFESSOR/PROFESSOR – GENERAL EDUCATION – BA ISAGO University,BA ISAGO University,posted,2026-07-11T10:35:03.616966,621.0
f0ba8f9f3b0d3528,https://jobsbotswana.info/jobs/lecturer-senior-lecturer-associate-professor-professor-general-management-ba-isago-university/,LECTURER/SENIOR LECTURER/ASSOCIATE PROFESSOR/PROFESSOR – GENERAL MANAGEMENT – BA ISAGO University,BA ISAGO University,posted,2026-07-11T10:35:22.508516,623.0
0e9dfc19f9fa95ee,https://jobsbotswana.info/jobs/lecturer-senior-lecturer-associate-professor-professor-hospitality-management-ba-isago-university/,LECTURER/SENIOR LECTURER/ASSOCIATE PROFESSOR/PROFESSOR – HOSPITALITY MANAGEMENT – BA ISAGO University,BA ISAGO University,posted,2026-07-11T10:35:42.108582,625.0
f3fe54dbd094347a,https://jobsbotswana.info/jobs/lecturer-senior-lecturer-associate-professor-professor-information-technology-ba-isago-university/,LECTURER/SENIOR LECTURER/ASSOCIATE PROFESSOR/PROFESSOR – INFORMATION TECHNOLOGY – BA ISAGO University,BA ISAGO University,posted,2026-07-11T10:36:00.098644,627.0
7a57f353a219bb64,https://jobsbotswana.info/jobs/lecturer-senior-lecturer-associate-professor-professor-investment-management-ba-isago-university/,LECTURER/SENIOR LECTURER/ASSOCIATE PROFESSOR/PROFESSOR – INVESTMENT MANAGEMENT – BA ISAGO University,BA ISAGO University,posted,2026-07-11T10:36:17.381016,629.0
06acf8166b11cc9c,https://jobsbotswana.info/jobs/lecturer-senior-lecturer-associate-professor-professor-landscape-architecture-ba-isago-university/,LECTURER/SENIOR LECTURER/ASSOCIATE PROFESSOR/PROFESSOR – LANDSCAPE ARCHITECTURE – BA ISAGO University,BA ISAGO University,posted,2026-07-11T10:36:36.666083,631.0
9ec09ba443e3105a,https://jobsbotswana.info/jobs/lecturer-senior-lecturer-associate-professor-professor-law-and-paralegal-studies-ba-isago-university/,LECTURER/SENIOR LECTURER/ASSOCIATE PROFESSOR/PROFESSOR – LAW AND PARALEGAL STUDIES – BA ISAGO University,BA ISAGO University,posted,2026-07-11T10:36:57.751504,633.0
bb64924eb98748e3,https://jobsbotswana.info/jobs/lecturer-senior-lecturer-associate-professor-professor-law-and-public-administration-ba-isago-university/,LECTURER/SENIOR LECTURER/ASSOCIATE PROFESSOR/PROFESSOR – LAW AND PUBLIC ADMINISTRATION – BA ISAGO University,BA ISAGO University,posted,2026-07-11T10:37:28.005499,635.0
3f4e389bb991f6f4,https://jobsbotswana.info/jobs/lecturer-senior-lecturer-associate-professor-professor-marketing-management-ba-isago-university/,LECTURER/SENIOR LECTURER/ASSOCIATE PROFESSOR/PROFESSOR – MARKETING MANAGEMENT – BA ISAGO University,BA ISAGO University,posted,2026-07-11T10:37:45.058688,637.0
acc4e776b7c28664,https://jobsbotswana.info/jobs/lecturer-senior-lecturer-associate-professor-professor-quantity-surveying-ba-isago-university/,LECTURER/SENIOR LECTURER/ASSOCIATE PROFESSOR/PROFESSOR – QUANTITY SURVEYING – BA ISAGO University,BA ISAGO University,posted,2026-07-11T10:38:03.342821,639.0
86d9d29b1e9efa1a,https://jobsbotswana.info/jobs/lecturer-senior-lecturer-associate-professor-professor-real-estate-management-ba-isago-university/,LECTURER/SENIOR LECTURER/ASSOCIATE PROFESSOR/PROFESSOR – REAL ESTATE MANAGEMENT – BA ISAGO University,BA ISAGO University,posted,2026-07-11T10:38:22.585372,641.0
c1b4803ec1aea9d6,https://jobsbotswana.info/jobs/lecturer-senior-lecturer-associate-professor-professor-risk-management-and-insurance-ba-isago-university/,LECTURER/SENIOR LECTURER/ASSOCIATE PROFESSOR/PROFESSOR – RISK MANAGEMENT AND INSURANCE – BA ISAGO University,BA ISAGO University,posted,2026-07-11T10:38:38.253312,643.0
736cdc803f351e1e,https://jobsbotswana.info/jobs/lecturer-senior-lecturer-associate-professor-professor-safety-management-ba-isago-university/,LECTURER/SENIOR LECTURER/ASSOCIATE PROFESSOR/PROFESSOR – SAFETY MANAGEMENT – BA ISAGO University,BA ISAGO University,posted,2026-07-11T10:38:56.541785,645.0
d4ed5b3a43965b24,https://jobsbotswana.info/jobs/lecturer-senior-lecturer-associate-professor-professor-security-management-ba-isago-university/,LECTURER/SENIOR LECTURER/ASSOCIATE PROFESSOR/PROFESSOR – SECURITY MANAGEMENT – BA ISAGO University,BA ISAGO University,posted,2026-07-11T10:39:12.935837,647.0
edcf390ca70b8603,https://jobsbotswana.info/jobs/lecturer-senior-lecturer-associate-professor-professor-strategic-management-ba-isago-university/,LECTURER/SENIOR LECTURER/ASSOCIATE PROFESSOR/PROFESSOR – STRATEGIC MANAGEMENT – BA ISAGO University,BA ISAGO University,posted,2026-07-11T10:39:29.739426,649.0
647a8a2f59e3b4d8,https://jobsbotswana.info/jobs/lecturer-senior-lecturer-associate-professor-professor-transport-and-logistics-ba-isago-university/,LECTURER/SENIOR LECTURER/ASSOCIATE PROFESSOR/PROFESSOR – TRANSPORT AND LOGISTICS – BA ISAGO University,BA ISAGO University,posted,2026-07-11T10:39:48.206268,651.0
8c7377d15c11df39,https://jobsbotswana.info/jobs/senior-lecturer-professor-doctor-of-philosophy-in-business-management-ba-isago-university/,SENIOR LECTURER / PROFESSOR – DOCTOR OF PHILOSOPHY IN BUSINESS MANAGEMENT – BA ISAGO University,BA ISAGO University,posted,2026-07-11T10:40:07.572540,653.0
5b3ff94495c2a1b0,https://jobsbotswana.info/jobs/she-officer/,SHE Officer,Jobs Botswana,posted,2026-07-11T10:40:25.533943,654.0
1bd1a40922f19ca8,https://jobsbotswana.info/jobs/site-agent/,Site Agent,Jobs Botswana,posted,2026-07-11T10:40:41.422448,655.0
4b4aff409e6c04b5,https://jobsbotswana.info/jobs/aml-analyst-x2-first-capital-bank/,AML ANALYST (X2) – First Capital Bank,First Capital Bank,posted,2026-07-11T16:14:36.439805,657.0
